,Candidates
0,DC21ba
1,DC21bae
2,DC21bap
3,DC21baw
4,DC21bbc
5,DC21bbe
6,DC21bbfh
7,DC21bbi
8,DC21bbn
9,DC21bbrx
10,DC21bbt
11,DC21bbv
12,DC21bbz
13,DC21bbzn
14,DC21bcb
15,DC21bcdmd
16,DC21bcegi
17,DC21bck
18,DC21bckq
19,DC21bcky
20,DC21bcmt
21,DC21bcve
22,DC21bdib
23,DC21bdj
24,DC21bdnf
25,DC21bdu
26,DC21bdw
27,DC21bdyp
28,DC21bdz
29,DC21bea
30,DC21bec
31,DC21bek
32,DC21berq
33,DC21bezt
34,DC21bfgp
35,DC21bfh
36,DC21bfha
37,DC21bfn
38,DC21bfq
39,DC21bft
40,DC21bfun
41,DC21bg
42,DC21bga
43,DC21bge
44,DC21bgg
45,DC21bgru
46,DC21bgv
47,DC21bhdc
48,DC21bhq
49,DC21bhrz
50,DC21bhu
51,DC21bhun
52,DC21bhvw
53,DC21bia
54,DC21bif
55,DC21biog
56,DC21bir
57,DC21bj
58,DC21bje
59,DC21bjem
60,DC21bjm
61,DC21bjvj
62,DC21bjy
63,DC21bjz
64,DC21bkd
65,DC21bkdo
66,DC21bkns
67,DC21bkrj
68,DC21bkvs
69,DC21bkx
70,DC21blb
71,DC21blbo
72,DC21blkp
73,DC21blm
74,DC21blqd
75,DC21blre
76,DC21bly
77,DC21bmb
78,DC21bmi
79,DC21bnq
80,DC21bnt
81,DC21bo
82,DC21boi
83,DC21boj
84,DC21bokj
85,DC21bon
86,DC21bop
87,DC21bou
88,DC21boz
89,DC21bpaa
90,DC21bpls
91,DC21bpxa
92,DC21bqi
93,DC21bqk
94,DC21bqn
95,DC21bqo
96,DC21br
97,DC21bru
98,DC21bsih
99,DC21bsk
100,DC21bsoi
101,DC21bsol
102,DC21bstb
103,DC21bsv
104,DC21btbp
105,DC21bth
106,DC21btk
107,DC21btn
108,DC21bts
109,DC21btt
110,DC21bud
111,DC21bujg
112,DC21buna
113,DC21bur
114,DC21bus
115,DC21buv
116,DC21bval
117,DC21bvg
118,DC21bvj
119,DC21bvl
120,DC21bvvg
121,DC21bvz
122,DC21bwew
123,DC21bwl
124,DC21bwlh
125,DC21bwm
126,DC21bwr
127,DC21bwrxc
128,DC21bxe
129,DC21bxf
130,DC21bxi
131,DC21bxq
132,DC21bxv
133,DC21by
134,DC21byc
135,DC21byo
136,DC21byp
137,DC21bysb
138,DC21bzj
139,DC21bzk
140,DC21bzkt
141,DC21bzn
142,DC21bzpl
143,DC21cam
144,DC21car
145,DC21cbc
146,DC21cbg
147,DC21cbi
148,DC21cbiaf
149,DC21cbp
150,DC21cbut
151,DC21cbx
152,DC21cce
153,DC21ccg
154,DC21ccw
155,DC21cd
156,DC21cdc
157,DC21cdxb
158,DC21ceg
159,DC21ceh
160,DC21cew
161,DC21cfi
162,DC21cfp
163,DC21cfq
164,DC21cfx
165,DC21cgesc
166,DC21cgetl
167,DC21cgexi
168,DC21cgfio
169,DC21cgfrp
170,DC21cgfsh
171,DC21cgga
172,DC21cgh
173,DC21cghko
174,DC21cgjiy
175,DC21cgk
176,DC21cgmak
177,DC21cgmc
178,DC21cgmde
179,DC21cgn
180,DC21cgy
181,DC21cgyc
182,DC21chd
183,DC21chg
184,DC21ci
185,DC21cia
186,DC21ciaw
187,DC21cidw
188,DC21cig
189,DC21cihi
190,DC21cik
191,DC21cir
192,DC21cis
193,DC21ciu
194,DC21ciue
195,DC21ciym
196,DC21cjh
197,DC21cjo
198,DC21cjq
199,DC21cjzy
200,DC21ckc
201,DC21cknp
202,DC21cks
203,DC21ckt
204,DC21cku
205,DC21ckv
206,DC21cl
207,DC21cla
208,DC21clbh
209,DC21clj
210,DC21clkx
211,DC21clo
212,DC21clr
213,DC21clx
214,DC21cmt
215,DC21cn
216,DC21cnl
217,DC21cnq
218,DC21cns
219,DC21cobc
220,DC21col
221,DC21cov
222,DC21cove
223,DC21cox
224,DC21cozcn
225,DC21cpc
226,DC21cpcjp
227,DC21cpd
228,DC21cpf
229,DC21cph
230,DC21cpt
231,DC21cqh
232,DC21cql
233,DC21cqna
234,DC21cqnl
235,DC21cqyq
236,DC21cqz
237,DC21cre
238,DC21crg
239,DC21crh
240,DC21crk
241,DC21crq
242,DC21cs
243,DC21csa
244,DC21csd
245,DC21csi
246,DC21csj
247,DC21csl
248,DC21csm
249,DC21csoi
250,DC21cst
251,DC21csy
252,DC21ctb
253,DC21ctfe
254,DC21ctg
255,DC21cth
256,DC21ctnan
257,DC21ctowh
258,DC21ctx
259,DC21cuhd
260,DC21cuj
261,DC21cuk
262,DC21cuw
263,DC21cuy
264,DC21cvbp
265,DC21cvnlk
266,DC21cvs
267,DC21cvtb
268,DC21cvw
269,DC21cvz
270,DC21cwc
271,DC21cwh
272,DC21cwm
273,DC21cwn
274,DC21cwo
275,DC21cwp
276,DC21cwtvj
277,DC21cwu
278,DC21cwubi
279,DC21cwvox
280,DC21cwx
281,DC21cwxin
282,DC21cwy
283,DC21cwyof
284,DC21cwz
285,DC21cxd
286,DC21cxk
287,DC21cxt
288,DC21cyddn
289,DC21cyk
290,DC21cyo
291,DC21cyw
292,DC21cza
293,DC21czcn
294,DC21czu
295,DC21czz
296,DC21dag
297,DC21dah
298,DC21dal
299,DC21daldo
300,DC21das
301,DC21dav
302,DC21day
303,DC21db
304,DC21dba
305,DC21dbc
306,DC21dbk
307,DC21dbp
308,DC21dbz
309,DC21dcabq
310,DC21dcb
311,DC21dcj
312,DC21dck
313,DC21dcl
314,DC21dcm
315,DC21ddi
316,DC21ddu
317,DC21ddx
318,DC21decr
319,DC21del
320,DC21det
321,DC21dfa
322,DC21dfg
323,DC21dfj
324,DC21dfm
325,DC21dfn
326,DC21dfze
327,DC21dg
328,DC21dgh
329,DC21dglus
330,DC21dgm
331,DC21dgp
332,DC21dgq
333,DC21dgt
334,DC21dgv
335,DC21dh
336,DC21dha
337,DC21dhgm
338,DC21dhgr
339,DC21dhi
340,DC21dhk
341,DC21dhr
342,DC21dht
343,DC21did
344,DC21die
345,DC21dij
346,DC21din
347,DC21dio
348,DC21dip
349,DC21dis
350,DC21dix
351,DC21dja
352,DC21djk
353,DC21djp
354,DC21djq
355,DC21djs
356,DC21djw
357,DC21djy
358,DC21dkemv
359,DC21dki
360,DC21dkl
361,DC21dkn
362,DC21dku
363,DC21dkx
364,DC21dky
365,DC21dle
366,DC21dln
367,DC21dlq
368,DC21dlr
369,DC21dly
370,DC21dm
371,DC21dmm
372,DC21dmp
373,DC21dmpus
374,DC21dms
375,DC21dna
376,DC21dnf
377,DC21dni
378,DC21dnk
379,DC21dnm
380,DC21dnq
381,DC21dnt
382,DC21dnz
383,DC21doi
384,DC21dolk
385,DC21dou
386,DC21dow
387,DC21dox
388,DC21dpc
389,DC21dpd
390,DC21dpf
391,DC21dpi
392,DC21dpj
393,DC21dpk
394,DC21dpl
395,DC21dps
396,DC21dpu
397,DC21dpwcq
398,DC21dqe
399,DC21dqf
400,DC21dqg
401,DC21dqi
402,DC21dqik
403,DC21dqj
404,DC21dql
405,DC21dqo
406,DC21dqr
407,DC21dqt
408,DC21dqx
409,DC21drcko
410,DC21drcmp
411,DC21drd
412,DC21drfj
413,DC21drg
414,DC21drw
415,DC21drx
416,DC21dsg
417,DC21dsh
418,DC21dsij
419,DC21dsj
420,DC21dsl
421,DC21dslz
422,DC21dsocp
423,DC21dspgx
424,DC21dsq
425,DC21dsu
426,DC21dsw
427,DC21dswo
428,DC21dsx
429,DC21dtc
430,DC21dtd
431,DC21dti
432,DC21dtt
433,DC21dtu
434,DC21dtv
435,DC21dtwb
436,DC21dtz
437,DC21dua
438,DC21dudu
439,DC21dug
440,DC21dus
441,DC21dvb
442,DC21dvi
443,DC21dvx
444,DC21dvyx
445,DC21dw
446,DC21dwc
447,DC21dwq
448,DC21dws
449,DC21dwz
450,DC21dxm
451,DC21dxp
452,DC21dxv
453,DC21dyc
454,DC21dyg
455,DC21dyh
456,DC21dyp
457,DC21dyw
458,DC21dzc
459,DC21dzi
460,DC21dzp
461,DC21dzq
462,DC21dzr
463,DC21dzu
464,DC21dzvl
465,DC21eae
466,DC21eaj
467,DC21eav
468,DC21eb
469,DC21ebo
470,DC21eca
471,DC21ecb
472,DC21ecf
473,DC21eci
474,DC21ecl
475,DC21ecmr
476,DC21ecs
477,DC21ecu
478,DC21edd
479,DC21eddo
480,DC21edlx
481,DC21edv
482,DC21edww
483,DC21eec
484,DC21eedf
485,DC21eek
486,DC21een
487,DC21eere
488,DC21efd
489,DC21efl
490,DC21efs
491,DC21efv
492,DC21efy
493,DC21egb
494,DC21egj
495,DC21egm
496,DC21egu
497,DC21eh
498,DC21ehff
499,DC21ehl
500,DC21ehx
501,DC21ei
502,DC21eix
503,DC21ejb
504,DC21eje
505,DC21ejk
506,DC21ek
507,DC21eka
508,DC21ekg
509,DC21eku
510,DC21elc
511,DC21eli
512,DC21elk
513,DC21emh
514,DC21emr
515,DC21enf
516,DC21enx
517,DC21eo
518,DC21eoal
519,DC21eoj
520,DC21eoo
521,DC21eou
522,DC21eov
523,DC21epk
524,DC21epn
525,DC21epo
526,DC21epq
527,DC21eprk
528,DC21eqj
529,DC21eqr
530,DC21equ
531,DC21eqx
532,DC21eqz
533,DC21er
534,DC21erbl
535,DC21eri
536,DC21erj
537,DC21erq
538,DC21err
539,DC21ert
540,DC21esa
541,DC21esh
542,DC21esi
543,DC21esr
544,DC21est
545,DC21et
546,DC21etg
547,DC21eua
548,DC21euj
549,DC21euk
550,DC21euo
551,DC21euq
552,DC21eus
553,DC21eux
554,DC21euy
555,DC21ev
556,DC21evq
557,DC21evs
558,DC21evv
559,DC21ewg
560,DC21ewk
561,DC21ewr
562,DC21ewz
563,DC21ex
564,DC21exga
565,DC21exj
566,DC21ext
567,DC21exu
568,DC21exy
569,DC21ey
570,DC21ezb
571,DC21ezk
572,DC21ezm
573,DC21ezp
574,DC21ezs
575,DC21ezt
576,DC21ezv
577,DC21ezw
578,DC21fad
579,DC21fap
580,DC21fbc
581,DC21fber
582,DC21fbf
583,DC21fbg
584,DC21fbj
585,DC21fbr
586,DC21fbv
587,DC21fbxw
588,DC21fbyi
589,DC21fco
590,DC21fcw
591,DC21fd
592,DC21fdb
593,DC21fdm
594,DC21fdo
595,DC21fdq
596,DC21fe
597,DC21fego
598,DC21fegx
599,DC21fer
600,DC21ff
601,DC21ffc
602,DC21ffg
603,DC21ffr
604,DC21fful
605,DC21fg
606,DC21fga
607,DC21fgh
608,DC21fgi
609,DC21fgj
610,DC21fgl
611,DC21fgs
612,DC21fgu
613,DC21fgx
614,DC21fgzk
615,DC21fh
616,DC21fhe
617,DC21fhp
618,DC21fhu
619,DC21fhx
620,DC21fia
621,DC21fiu
622,DC21fiv
623,DC21fix
624,DC21fji
625,DC21fkc
626,DC21fkd
627,DC21fke
628,DC21fkf
629,DC21fkg
630,DC21fkj
631,DC21fkjl
632,DC21flgn
633,DC21fll
634,DC21fly
635,DC21fme
636,DC21fmm
637,DC21fmv
638,DC21fn
639,DC21fna
640,DC21fnc
641,DC21fnh
642,DC21fni
643,DC21fnj
644,DC21foi
645,DC21fom
646,DC21foo
647,DC21fop
648,DC21foy
649,DC21fpb
650,DC21fpby
651,DC21fpe
652,DC21fpi
653,DC21fpt
654,DC21fqf
655,DC21fqw
656,DC21fqx
657,DC21frb
658,DC21frdi
659,DC21frl
660,DC21fru
661,DC21frv
662,DC21fs
663,DC21fsdd
664,DC21fshy
665,DC21fspl
666,DC21fsv
667,DC21ftm
668,DC21ftt
669,DC21ftta
670,DC21ftu
671,DC21fub
672,DC21fue
673,DC21fug
674,DC21fuj
675,DC21fup
676,DC21fux
677,DC21fvf
678,DC21fvlq
679,DC21fvp
680,DC21fw
681,DC21fwb
682,DC21fwbx
683,DC21fwi
684,DC21fwp
685,DC21fwq
686,DC21fwx
687,DC21fxc
688,DC21fxf
689,DC21fxlu
690,DC21fxy
691,DC21fyh
692,DC21fyib
693,DC21fyj
694,DC21fyl
695,DC21fyp
696,DC21fyx
697,DC21fyy
698,DC21fyz
699,DC21fza
700,DC21fzb
701,DC21fzc
702,DC21fzm
703,DC21fzq
704,DC21fzyr
705,DC21gae
706,DC21gaf
707,DC21gag
708,DC21gal
709,DC21gan
710,DC21gay
711,DC21gb
712,DC21gbe
713,DC21gcb
714,DC21gcrz
715,DC21gdam
716,DC21gdp
717,DC21gdv
718,DC21gea
719,DC21gei
720,DC21gem
721,DC21gesp
722,DC21gf
723,DC21gfk
724,DC21gfp
725,DC21gfz
726,DC21ggd
727,DC21ggh
728,DC21ggk
729,DC21gha
730,DC21ghfy
731,DC21ghp
732,DC21ghq
733,DC21ghw
734,DC21gip
735,DC21gir
736,DC21gis
737,DC21giz
738,DC21gjm
739,DC21gjpm
740,DC21gjr
741,DC21gkf
742,DC21gkfd
743,DC21gkj
744,DC21gkn
745,DC21gku
746,DC21gkx
747,DC21gkz
748,DC21gle
749,DC21gli
750,DC21glil
751,DC21gmf
752,DC21gmlh
753,DC21gnv
754,DC21goc
755,DC21gocx
756,DC21gov
757,DC21gpa
758,DC21gpb
759,DC21gpjj
760,DC21gpk
761,DC21gpr
762,DC21gqd
763,DC21gqdp
764,DC21gql
765,DC21gqm
766,DC21gqqy
767,DC21gqs
768,DC21gqt
769,DC21gqx
770,DC21gra
771,DC21grc
772,DC21grkp
773,DC21grl
774,DC21grr
775,DC21grzy
776,DC21gs
777,DC21gsbf
778,DC21gsbq
779,DC21gsf
780,DC21gsn
781,DC21gta
782,DC21gte
783,DC21gtg
784,DC21gto
785,DC21gud
786,DC21gue
787,DC21gul
788,DC21gux
789,DC21gv
790,DC21gvjv
791,DC21gvs
792,DC21gvz
793,DC21gw
794,DC21gwa
795,DC21gwj
796,DC21gwo
797,DC21gxd
798,DC21gxr
799,DC21gyd
800,DC21gye
801,DC21gypc
802,DC21gyy
803,DC21gzb
804,DC21gzj
805,DC21gzky
806,DC21gzm
807,DC21h
808,DC21haa
809,DC21hbb
810,DC21hbp
811,DC21hcb
812,DC21hcv
813,DC21hdqz
814,DC21he
815,DC21hex
816,DC21hf
817,DC21hff
818,DC21hfi
819,DC21hfk
820,DC21hgq
821,DC21hgr
822,DC21hgy
823,DC21hhd
824,DC21hht
825,DC21hib
826,DC21hig
827,DC21hii
828,DC21his
829,DC21hj
830,DC21hjb
831,DC21hjd
832,DC21hjj
833,DC21hke
834,DC21hkp
835,DC21hlb
836,DC21hnh
837,DC21hnk
838,DC21hny
839,DC21hnz
840,DC21hol
841,DC21hpbk
842,DC21hpdc
843,DC21hph
844,DC21hpp
845,DC21hpv
846,DC21hqg
847,DC21hqk
848,DC21hqu
849,DC21hrb
850,DC21hrf
851,DC21hrp
852,DC21hrs
853,DC21hrzq
854,DC21hsg
855,DC21hsm
856,DC21hsoc
857,DC21hsx
858,DC21htj
859,DC21htm
860,DC21htp
861,DC21hty
862,DC21hu
863,DC21hunj
864,DC21hvf
865,DC21hvk
866,DC21hvu
867,DC21hwb
868,DC21hwg
869,DC21hwo
870,DC21hww
871,DC21hxd
872,DC21hxj
873,DC21hxq
874,DC21hxxu
875,DC21iaf
876,DC21iao
877,DC21iar
878,DC21iaz
879,DC21ibh
880,DC21ibj
881,DC21ibl
882,DC21icu
883,DC21icy
884,DC21idu
885,DC21idy
886,DC21iea
887,DC21ied
888,DC21ieh
889,DC21iej
890,DC21ieq
891,DC21iet
892,DC21ifkz
893,DC21ig
894,DC21igg
895,DC21igo
896,DC21igp
897,DC21igs
898,DC21igz
899,DC21ihh
900,DC21ihu
901,DC21ihy
902,DC21ii
903,DC21iif
904,DC21iij
905,DC21iil
906,DC21iix
907,DC21ijm
908,DC21ijp
909,DC21ijs
910,DC21ijz
911,DC21ikd
912,DC21ikq
913,DC21iky
914,DC21il
915,DC21ile
916,DC21ilgm
917,DC21ilh
918,DC21io
919,DC21iof
920,DC21ioi
921,DC21ioo
922,DC21ip
923,DC21ipr
924,DC21iqk
925,DC21irt
926,DC21irx
927,DC21isd
928,DC21isx
929,DC21ith
930,DC21iuu
931,DC21iv
932,DC21ivb
933,DC21ivn
934,DC21iwl
935,DC21iwr
936,DC21ixg
937,DC21ixp
938,DC21ixr
939,DC21ixu
940,DC21ixx
941,DC21ixy
942,DC21iya
943,DC21iyq
944,DC21iyt
945,DC21izc
946,DC21izk
947,DC21jac
948,DC21jak
949,DC21jal
950,DC21jatb
951,DC21jav
952,DC21jay
953,DC21jba
954,DC21jbb
955,DC21jbc
956,DC21jbp
957,DC21jcc
958,DC21jcks
959,DC21jco
960,DC21jcp
961,DC21jct
962,DC21jcv
963,DC21jdk
964,DC21jds
965,DC21jdt
966,DC21jdy
967,DC21jee
968,DC21jem
969,DC21jes
970,DC21jet
971,DC21jeu
972,DC21jf
973,DC21jfcb
974,DC21jfo
975,DC21jfp
976,DC21jfs
977,DC21jfw
978,DC21jgb
979,DC21jgkw
980,DC21jh
981,DC21jhc
982,DC21jhi
983,DC21jhx
984,DC21jhy
985,DC21jil
986,DC21jio
987,DC21jip
988,DC21jir
989,DC21jja
990,DC21jjl
991,DC21jjn
992,DC21jjq
993,DC21jke
994,DC21jkp
995,DC21jl
996,DC21jlb
997,DC21jlf
998,DC21jlj
999,DC21jln
1000,DC21jlv
1001,DC21jme
1002,DC21jmh
1003,DC21jmv
1004,DC21jmw
1005,DC21jmx
1006,DC21jmz
1007,DC21jnj
1008,DC21jns
1009,DC21jnu
1010,DC21jnv
1011,DC21jnx
1012,DC21jol
1013,DC21jow
1014,DC21joz
1015,DC21jpn
1016,DC21jpr
1017,DC21jpt
1018,DC21jq
1019,DC21jrc
1020,DC21jrf
1021,DC21jrz
1022,DC21jsbs
1023,DC21jsl
1024,DC21jss
1025,DC21jsu
1026,DC21jtl
1027,DC21jtn
1028,DC21jtr
1029,DC21jua
1030,DC21jue
1031,DC21jul
1032,DC21juu
1033,DC21jvh
1034,DC21jvm
1035,DC21jw
1036,DC21jwy
1037,DC21jxb
1038,DC21jxl
1039,DC21jxs
1040,DC21jyh
1041,DC21jzc
1042,DC21jzk
1043,DC21jzom
1044,DC21jzs
1045,DC21jzy
1046,DC21ka
1047,DC21kaz
1048,DC21kbf
1049,DC21kbr
1050,DC21kbw
1051,DC21kci
1052,DC21kcl
1053,DC21kcq
1054,DC21kef
1055,DC21ker
1056,DC21kfy
1057,DC21kfz
1058,DC21kgb
1059,DC21kgh
1060,DC21kgu
1061,DC21kgz
1062,DC21kh
1063,DC21khi
1064,DC21khp
1065,DC21khs
1066,DC21kii
1067,DC21kjv
1068,DC21kk
1069,DC21kke
1070,DC21kkg
1071,DC21kki
1072,DC21kkn
1073,DC21kkqh
1074,DC21kkt
1075,DC21kkte
1076,DC21kkth
1077,DC21kkuo
1078,DC21kkv
1079,DC21kkvm
1080,DC21kkw
1081,DC21kkxo
1082,DC21kkxp
1083,DC21kkxy
1084,DC21kkym
1085,DC21kkyz
1086,DC21kla
1087,DC21klac
1088,DC21klaq
1089,DC21klba
1090,DC21kldn
1091,DC21kle
1092,DC21klea
1093,DC21klej
1094,DC21klel
1095,DC21klfi
1096,DC21klfv
1097,DC21klhb
1098,DC21klix
1099,DC21kljb
1100,DC21klkb
1101,DC21klkd
1102,DC21klkk
1103,DC21klmb
1104,DC21klmi
1105,DC21klop
1106,DC21klou
1107,DC21klpe
1108,DC21klpt
1109,DC21klq
1110,DC21klqa
1111,DC21klqb
1112,DC21klrc
1113,DC21klrj
1114,DC21klt
1115,DC21klu
1116,DC21kluc
1117,DC21klwd
1118,DC21kma
1119,DC21kmbe
1120,DC21kmdg
1121,DC21kmdi
1122,DC21kmdj
1123,DC21kme
1124,DC21kmeq
1125,DC21kmeu
1126,DC21kmgq
1127,DC21kmiv
1128,DC21kmkh
1129,DC21kmkz
1130,DC21kmlo
1131,DC21kmlp
1132,DC21kmon
1133,DC21kmpd
1134,DC21kmtv
1135,DC21kmty
1136,DC21kmug
1137,DC21kmx
1138,DC21knbb
1139,DC21kncf
1140,DC21kno
1141,DC21knqb
1142,DC21kns
1143,DC21kntb
1144,DC21knwc
1145,DC21knxx
1146,DC21knzx
1147,DC21kocw
1148,DC21koer
1149,DC21kofv
1150,DC21kog
1151,DC21kohn
1152,DC21koka
1153,DC21koks
1154,DC21kokv
1155,DC21kokx
1156,DC21kold
1157,DC21kolq
1158,DC21komf
1159,DC21kopb
1160,DC21kopf
1161,DC21kopn
1162,DC21koqo
1163,DC21kor
1164,DC21kot
1165,DC21kou
1166,DC21kowi
1167,DC21kpdz
1168,DC21kpeo
1169,DC21kpfx
1170,DC21kpih
1171,DC21kpj
1172,DC21kpkr
1173,DC21kplr
1174,DC21kpn
1175,DC21kpna
1176,DC21kpno
1177,DC21kpnu
1178,DC21kppn
1179,DC21kpr
1180,DC21kprh
1181,DC21kprz
1182,DC21kpso
1183,DC21kptg
1184,DC21kptk
1185,DC21kpup
1186,DC21kpwi
1187,DC21kpwr
1188,DC21kpzi
1189,DC21kqbw
1190,DC21kqdc
1191,DC21kqdq
1192,DC21kqf
1193,DC21kqfo
1194,DC21kqfq
1195,DC21kqgz
1196,DC21kqhb
1197,DC21kqjo
1198,DC21kqn
1199,DC21kqnv
1200,DC21kqpe
1201,DC21kqps
1202,DC21kqsh
1203,DC21kqtp
1204,DC21kqtt
1205,DC21kqun
1206,DC21kqwp
1207,DC21kqx
1208,DC21kqxr
1209,DC21kqxs
1210,DC21kqy
1211,DC21kqyi
1212,DC21kra
1213,DC21krbn
1214,DC21kres
1215,DC21krf
1216,DC21krhe
1217,DC21krik
1218,DC21krjn
1219,DC21krlk
1220,DC21krne
1221,DC21kro
1222,DC21krri
1223,DC21krue
1224,DC21krug
1225,DC21krwa
1226,DC21ksaw
1227,DC21kse
1228,DC21ksf
1229,DC21ksgv
1230,DC21ksj
1231,DC21ksl
1232,DC21kslv
1233,DC21ksm
1234,DC21ksmy
1235,DC21ksno
1236,DC21ksow
1237,DC21kssw
1238,DC21ksu
1239,DC21ksut
1240,DC21kswd
1241,DC21kswt
1242,DC21kszd
1243,DC21kszt
1244,DC21ktbc
1245,DC21ktdc
1246,DC21kteb
1247,DC21ktfo
1248,DC21kthy
1249,DC21ktla
1250,DC21ktp
1251,DC21ktpe
1252,DC21ktrq
1253,DC21ktsq
1254,DC21ktsz
1255,DC21kttw
1256,DC21ktwc
1257,DC21ktxb
1258,DC21ktzo
1259,DC21kuaf
1260,DC21kubh
1261,DC21kuc
1262,DC21kuci
1263,DC21kudp
1264,DC21kuo
1265,DC21kupn
1266,DC21kuqj
1267,DC21kur
1268,DC21kurb
1269,DC21kus
1270,DC21kusa
1271,DC21kusd
1272,DC21kuzm
1273,DC21kvas
1274,DC21kvb
1275,DC21kvd
1276,DC21kvfn
1277,DC21kvfw
1278,DC21kvi
1279,DC21kvla
1280,DC21kvpe
1281,DC21kvq
1282,DC21kvqx
1283,DC21kvsl
1284,DC21kvum
1285,DC21kvw
1286,DC21kvzu
1287,DC21kwbf
1288,DC21kwdm
1289,DC21kwh
1290,DC21kwip
1291,DC21kwj
1292,DC21kwks
1293,DC21kwn
1294,DC21kwsy
1295,DC21kxbj
1296,DC21kxbv
1297,DC21kxgc
1298,DC21kxh
1299,DC21kxig
1300,DC21kxli
1301,DC21kxoe
1302,DC21kyts
1303,DC21kz
1304,DC21kzam
1305,DC21kzg
1306,DC21kzi
1307,DC21kzjz
1308,DC21kzo
1309,DC21kzq
1310,DC21kzr
1311,DC21kzt
1312,DC21kzy
1313,DC21kzzi
1314,DC21lad
1315,DC21lahp
1316,DC21laoh
1317,DC21laq
1318,DC21lbf
1319,DC21lbj
1320,DC21lce
1321,DC21lcg
1322,DC21lcvl
1323,DC21ldg
1324,DC21ldq
1325,DC21ldqc
1326,DC21lds
1327,DC21lec
1328,DC21leh
1329,DC21lei
1330,DC21leo
1331,DC21leu
1332,DC21lf
1333,DC21lfg
1334,DC21lfk
1335,DC21lfu
1336,DC21lg
1337,DC21lgk
1338,DC21lh
1339,DC21lhe
1340,DC21lhq
1341,DC21lhy
1342,DC21lim
1343,DC21lir
1344,DC21ljd
1345,DC21ljj
1346,DC21ljk
1347,DC21ljsm
1348,DC21ljx
1349,DC21ljy
1350,DC21lku
1351,DC21lll
1352,DC21llr
1353,DC21llv
1354,DC21lmj
1355,DC21lmo
1356,DC21lmq
1357,DC21lna
1358,DC21lnci
1359,DC21lnw
1360,DC21lnz
1361,DC21lo
1362,DC21lof
1363,DC21lofw
1364,DC21lpi
1365,DC21lpn
1366,DC21lpw
1367,DC21lqo
1368,DC21lqos
1369,DC21lqtw
1370,DC21lsof
1371,DC21ltb
1372,DC21lto
1373,DC21lual
1374,DC21lubg
1375,DC21lui
1376,DC21lum
1377,DC21lv
1378,DC21lve
1379,DC21lvl
1380,DC21lvlb
1381,DC21lvm
1382,DC21lvn
1383,DC21lvy
1384,DC21lx
1385,DC21lxfv
1386,DC21lxus
1387,DC21lxw
1388,DC21lyn
1389,DC21lynm
1390,DC21lzm
1391,DC21lzr
1392,DC21may
1393,DC21mbk
1394,DC21mby
1395,DC21mcf
1396,DC21mcg
1397,DC21mcn
1398,DC21md
1399,DC21mdc
1400,DC21mehs
1401,DC21mev
1402,DC21mfe
1403,DC21mfi
1404,DC21mft
1405,DC21mgb
1406,DC21mgd
1407,DC21mgg
1408,DC21mgk
1409,DC21mgn
1410,DC21mhf
1411,DC21mhj
1412,DC21mhl
1413,DC21mhn
1414,DC21mhv
1415,DC21mih
1416,DC21min
1417,DC21mis
1418,DC21mjf
1419,DC21mk
1420,DC21mki
1421,DC21mks
1422,DC21mkw
1423,DC21mli
1424,DC21mll
1425,DC21mln
1426,DC21mlr
1427,DC21mmb
1428,DC21mmf
1429,DC21mmo
1430,DC21mms
1431,DC21mnd
1432,DC21mnj
1433,DC21mnp
1434,DC21mnq
1435,DC21mnv
1436,DC21mnx
1437,DC21moi
1438,DC21mou
1439,DC21moy
1440,DC21mp
1441,DC21mpa
1442,DC21mpb
1443,DC21mpn
1444,DC21mpr
1445,DC21mqb
1446,DC21mqo
1447,DC21mro
1448,DC21ms
1449,DC21msc
1450,DC21msj
1451,DC21msn
1452,DC21mtc
1453,DC21mte
1454,DC21mtv
1455,DC21mue
1456,DC21muy
1457,DC21mvi
1458,DC21mvt
1459,DC21mvx
1460,DC21mwi
1461,DC21mws
1462,DC21mx
1463,DC21mxa
1464,DC21mxo
1465,DC21mxs
1466,DC21mxz
1467,DC21my
1468,DC21myn
1469,DC21myw
1470,DC21mzp
1471,DC21nar
1472,DC21nat
1473,DC21naw
1474,DC21nay
1475,DC21nb
1476,DC21nbf
1477,DC21nch
1478,DC21ndk
1479,DC21nep
1480,DC21neq
1481,DC21nex
1482,DC21nff
1483,DC21nfx
1484,DC21ng
1485,DC21ngn
1486,DC21nhc
1487,DC21nhi
1488,DC21nhl
1489,DC21nhn
1490,DC21nht
1491,DC21ni
1492,DC21nid
1493,DC21njd
1494,DC21njh
1495,DC21njx
1496,DC21nk
1497,DC21nka
1498,DC21nks
1499,DC21nkx
1500,DC21nla
1501,DC21nlb
1502,DC21nlq
1503,DC21nmt
1504,DC21now
1505,DC21np
1506,DC21npo
1507,DC21nq
1508,DC21nqd
1509,DC21nqh
1510,DC21ntm
1511,DC21nu
1512,DC21nuu
1513,DC21nvf
1514,DC21nvl
1515,DC21nvn
1516,DC21nwa
1517,DC21nwl
1518,DC21nxe
1519,DC21nxf
1520,DC21nyn
1521,DC21nyw
1522,DC21nyx
1523,DC21nzi
1524,DC21nzn
1525,DC21oal
1526,DC21obg
1527,DC21ocv
1528,DC21ocx
1529,DC21od
1530,DC21oe
1531,DC21oeh
1532,DC21oel
1533,DC21oez
1534,DC21ofl
1535,DC21ofu
1536,DC21ogc
1537,DC21ogi
1538,DC21ohg
1539,DC21ohm
1540,DC21oib
1541,DC21oih
1542,DC21oj
1543,DC21oja
1544,DC21ojb
1545,DC21ojh
1546,DC21ojq
1547,DC21ojs
1548,DC21ojw
1549,DC21okg
1550,DC21okj
1551,DC21olv
1552,DC21omy
1553,DC21onp
1554,DC21ood
1555,DC21oof
1556,DC21ooy
1557,DC21op
1558,DC21opj
1559,DC21opm
1560,DC21opw
1561,DC21opy
1562,DC21oqi
1563,DC21oqn
1564,DC21oqz
1565,DC21org
1566,DC21os
1567,DC21otc
1568,DC21oti
1569,DC21ots
1570,DC21ouw
1571,DC21ovi
1572,DC21ovk
1573,DC21owe
1574,DC21owf
1575,DC21owg
1576,DC21owx
1577,DC21ox
1578,DC21oxk
1579,DC21oxo
1580,DC21oy
1581,DC21oyo
1582,DC21oz
1583,DC21ozo
1584,DC21pad
1585,DC21paf
1586,DC21pay
1587,DC21pbh
1588,DC21pcb
1589,DC21pcd
1590,DC21pcn
1591,DC21pcs
1592,DC21pen
1593,DC21pew
1594,DC21pfd
1595,DC21pfi
1596,DC21pfj
1597,DC21pfr
1598,DC21pfu
1599,DC21pgn
1600,DC21pgz
1601,DC21ph
1602,DC21phr
1603,DC21pi
1604,DC21pid
1605,DC21pik
1606,DC21pin
1607,DC21pit
1608,DC21pjc
1609,DC21pjt
1610,DC21pkj
1611,DC21plc
1612,DC21plj
1613,DC21plt
1614,DC21plx
1615,DC21pmu
1616,DC21pnb
1617,DC21pnd
1618,DC21pnf
1619,DC21poa
1620,DC21pow
1621,DC21poz
1622,DC21pqe
1623,DC21pqo
1624,DC21pra
1625,DC21prh
1626,DC21prs
1627,DC21pry
1628,DC21psr
1629,DC21psw
1630,DC21ptb
1631,DC21ptt
1632,DC21pud
1633,DC21pul
1634,DC21put
1635,DC21pvm
1636,DC21pwi
1637,DC21pxb
1638,DC21pxz
1639,DC21pyc
1640,DC21pyd
1641,DC21pze
1642,DC21pzj
1643,DC21qad
1644,DC21qdp
1645,DC21qdq
1646,DC21qdr
1647,DC21qeo
1648,DC21qeu
1649,DC21qfp
1650,DC21qfq
1651,DC21qfs
1652,DC21qfv
1653,DC21qgo
1654,DC21qho
1655,DC21qhu
1656,DC21qjn
1657,DC21qkt
1658,DC21qkv
1659,DC21qmf
1660,DC21qnl
1661,DC21qoa
1662,DC21qok
1663,DC21qos
1664,DC21qp
1665,DC21qpl
1666,DC21qpu
1667,DC21qrp
1668,DC21qsg
1669,DC21qtf
1670,DC21qtq
1671,DC21quo
1672,DC21qvc
1673,DC21qw
1674,DC21qwc
1675,DC21qwe
1676,DC21qwg
1677,DC21qxi
1678,DC21qxz
1679,DC21qyw
1680,DC21rae
1681,DC21rat
1682,DC21rbn
1683,DC21rcc
1684,DC21rcr
1685,DC21rdc
1686,DC21rfd
1687,DC21rlr
1688,DC21rmi
1689,DC21rmv
1690,DC21rn
1691,DC21rnf
1692,DC21rpi
1693,DC21rpz
1694,DC21rq
1695,DC21rso
1696,DC21rt
1697,DC21ruc
1698,DC21rvg
1699,DC21rvo
1700,DC21rwv
1701,DC21rx
1702,DC21sbj
1703,DC21sby
1704,DC21scw
1705,DC21sdp
1706,DC21sey
1707,DC21skg
1708,DC21skp
1709,DC21snw
1710,DC21sor
1711,DC21sp
1712,DC21sun
1713,DC21sut
1714,DC21sw
1715,DC21swa
1716,DC21swl
1717,DC21syo
1718,DC21sys
1719,DC21tck
1720,DC21tcz
1721,DC21teh
1722,DC21tez
1723,DC21th
1724,DC21thn
1725,DC21tiu
1726,DC21tja
1727,DC21tnj
1728,DC21tpq
1729,DC21trb
1730,DC21ts
1731,DC21ttg
1732,DC21ttl
1733,DC21ttx
1734,DC21ttz
1735,DC21tvb
1736,DC21tyi
1737,DC21tzu
1738,DC21ub
1739,DC21ubb
1740,DC21ud
1741,DC21udz
1742,DC21ueh
1743,DC21uil
1744,DC21uje
1745,DC21uku
1746,DC21uqp
1747,DC21uug
1748,DC21uvk
1749,DC21uxo
1750,DC21var
1751,DC21vey
1752,DC21vfz
1753,DC21vge
1754,DC21vgf
1755,DC21vgk
1756,DC21vhu
1757,DC21vkb
1758,DC21vlt
1759,DC21vn
1760,DC21vnb
1761,DC21vou
1762,DC21vqe
1763,DC21vqi
1764,DC21vrd
1765,DC21vtl
1766,DC21vv
1767,DC21w
1768,DC21wab
1769,DC21weg
1770,DC21wlm
1771,DC21wmq
1772,DC21wrt
1773,DC21wt
1774,DC21wup
1775,DC21ww
1776,DC21wwf
1777,DC21xag
1778,DC21xmt
1779,DC21xmw
1780,DC21xrl
1781,DC21xuy
1782,DC21y
1783,DC21yg
1784,DC21ygu
1785,DC21ygx
1786,DC21yj
1787,DC21yn
1788,DC21yox
1789,DC21yq
1790,DC21yuc
1791,DC21ywx
1792,DC21yz
1793,DC21zbn
1794,DC21zch
1795,DC21zd
1796,DC21zhd
1797,DC21zpz
1798,DC21zzh
1799,DC21zzx
1800,DC22duvcm
1801,DC22earrc
1802,DC22eatrv
1803,DC22eavhh
1804,DC22eawkf
1805,DC22ebokr
1806,DC22gtbtd
1807,DC22gtccc
1808,DC22gtcty
1809,DC22gtdsi
1810,DC22gtowb
1811,DC22gtqyk
1812,DC22guhrf
1813,DC22gvciw
1814,DC22gvcqm
1815,DC22gwmcc
1816,DC22gwqvp
1817,DC22gwzqk
1818,DC22gxdhg
1819,DC22gxeuc
1820,DC22gxfix
1821,DC22gxuzz
1822,DC22gxxfn
1823,DC22gyhks
1824,DC22gyhzh
1825,DC22gylvj
1826,DC22hdbqy
1827,DC22hvtap
1828,DC22hvtwp
1829,DC22hvuzr
1830,DC22hxfpz
,