,event,links
0,DC21ba,https://decat-webap.lbl.gov/decatview.py/cand/DC21ba?rbtype=undefined
1,DC21bap,https://decat-webap.lbl.gov/decatview.py/cand/DC21bap?rbtype=undefined
2,DC21baw,https://decat-webap.lbl.gov/decatview.py/cand/DC21baw?rbtype=undefined
3,DC21bbc,https://decat-webap.lbl.gov/decatview.py/cand/DC21bbc?rbtype=undefined
4,DC21bbe,https://decat-webap.lbl.gov/decatview.py/cand/DC21bbe?rbtype=undefined
5,DC21bbfh,https://decat-webap.lbl.gov/decatview.py/cand/DC21bbfh?rbtype=undefined
6,DC21bbi,https://decat-webap.lbl.gov/decatview.py/cand/DC21bbi?rbtype=undefined
7,DC21bbn,https://decat-webap.lbl.gov/decatview.py/cand/DC21bbn?rbtype=undefined
8,DC21bbrx,https://decat-webap.lbl.gov/decatview.py/cand/DC21bbrx?rbtype=undefined
9,DC21bbt,https://decat-webap.lbl.gov/decatview.py/cand/DC21bbt?rbtype=undefined
10,DC21bbv,https://decat-webap.lbl.gov/decatview.py/cand/DC21bbv?rbtype=undefined
11,DC21bbz,https://decat-webap.lbl.gov/decatview.py/cand/DC21bbz?rbtype=undefined
12,DC21bbzn,https://decat-webap.lbl.gov/decatview.py/cand/DC21bbzn?rbtype=undefined
13,DC21bcb,https://decat-webap.lbl.gov/decatview.py/cand/DC21bcb?rbtype=undefined
14,DC21bck,https://decat-webap.lbl.gov/decatview.py/cand/DC21bck?rbtype=undefined
15,DC21bcve,https://decat-webap.lbl.gov/decatview.py/cand/DC21bcve?rbtype=undefined
16,DC21bdib,https://decat-webap.lbl.gov/decatview.py/cand/DC21bdib?rbtype=undefined
17,DC21bdj,https://decat-webap.lbl.gov/decatview.py/cand/DC21bdj?rbtype=undefined
18,DC21bdu,https://decat-webap.lbl.gov/decatview.py/cand/DC21bdu?rbtype=undefined
19,DC21bdyp,https://decat-webap.lbl.gov/decatview.py/cand/DC21bdyp?rbtype=undefined
20,DC21bdz,https://decat-webap.lbl.gov/decatview.py/cand/DC21bdz?rbtype=undefined
21,DC21bec,https://decat-webap.lbl.gov/decatview.py/cand/DC21bec?rbtype=undefined
22,DC21bek,https://decat-webap.lbl.gov/decatview.py/cand/DC21bek?rbtype=undefined
23,DC21berq,https://decat-webap.lbl.gov/decatview.py/cand/DC21berq?rbtype=undefined
24,DC21bfgp,https://decat-webap.lbl.gov/decatview.py/cand/DC21bfgp?rbtype=undefined
25,DC21bfh,https://decat-webap.lbl.gov/decatview.py/cand/DC21bfh?rbtype=undefined
26,DC21bfn,https://decat-webap.lbl.gov/decatview.py/cand/DC21bfn?rbtype=undefined
27,DC21bfq,https://decat-webap.lbl.gov/decatview.py/cand/DC21bfq?rbtype=undefined
28,DC21bft,https://decat-webap.lbl.gov/decatview.py/cand/DC21bft?rbtype=undefined
29,DC21bfun,https://decat-webap.lbl.gov/decatview.py/cand/DC21bfun?rbtype=undefined
30,DC21bga,https://decat-webap.lbl.gov/decatview.py/cand/DC21bga?rbtype=undefined
31,DC21bgg,https://decat-webap.lbl.gov/decatview.py/cand/DC21bgg?rbtype=undefined
32,DC21bgv,https://decat-webap.lbl.gov/decatview.py/cand/DC21bgv?rbtype=undefined
33,DC21bhdc,https://decat-webap.lbl.gov/decatview.py/cand/DC21bhdc?rbtype=undefined
34,DC21bhrz,https://decat-webap.lbl.gov/decatview.py/cand/DC21bhrz?rbtype=undefined
35,DC21bhu,https://decat-webap.lbl.gov/decatview.py/cand/DC21bhu?rbtype=undefined
36,DC21bhun,https://decat-webap.lbl.gov/decatview.py/cand/DC21bhun?rbtype=undefined
37,DC21bhvw,https://decat-webap.lbl.gov/decatview.py/cand/DC21bhvw?rbtype=undefined
38,DC21bif,https://decat-webap.lbl.gov/decatview.py/cand/DC21bif?rbtype=undefined
39,DC21biog,https://decat-webap.lbl.gov/decatview.py/cand/DC21biog?rbtype=undefined
40,DC21bir,https://decat-webap.lbl.gov/decatview.py/cand/DC21bir?rbtype=undefined
41,DC21bj,https://decat-webap.lbl.gov/decatview.py/cand/DC21bj?rbtype=undefined
42,DC21bje,https://decat-webap.lbl.gov/decatview.py/cand/DC21bje?rbtype=undefined
43,DC21bjem,https://decat-webap.lbl.gov/decatview.py/cand/DC21bjem?rbtype=undefined
44,DC21bjm,https://decat-webap.lbl.gov/decatview.py/cand/DC21bjm?rbtype=undefined
45,DC21bjy,https://decat-webap.lbl.gov/decatview.py/cand/DC21bjy?rbtype=undefined
46,DC21bkd,https://decat-webap.lbl.gov/decatview.py/cand/DC21bkd?rbtype=undefined
47,DC21bkx,https://decat-webap.lbl.gov/decatview.py/cand/DC21bkx?rbtype=undefined
48,DC21blb,https://decat-webap.lbl.gov/decatview.py/cand/DC21blb?rbtype=undefined
49,DC21blbo,https://decat-webap.lbl.gov/decatview.py/cand/DC21blbo?rbtype=undefined
50,DC21blm,https://decat-webap.lbl.gov/decatview.py/cand/DC21blm?rbtype=undefined
51,DC21bly,https://decat-webap.lbl.gov/decatview.py/cand/DC21bly?rbtype=undefined
52,DC21bmi,https://decat-webap.lbl.gov/decatview.py/cand/DC21bmi?rbtype=undefined
53,DC21bnq,https://decat-webap.lbl.gov/decatview.py/cand/DC21bnq?rbtype=undefined
54,DC21bnt,https://decat-webap.lbl.gov/decatview.py/cand/DC21bnt?rbtype=undefined
55,DC21bo,https://decat-webap.lbl.gov/decatview.py/cand/DC21bo?rbtype=undefined
56,DC21boj,https://decat-webap.lbl.gov/decatview.py/cand/DC21boj?rbtype=undefined
57,DC21bokj,https://decat-webap.lbl.gov/decatview.py/cand/DC21bokj?rbtype=undefined
58,DC21bop,https://decat-webap.lbl.gov/decatview.py/cand/DC21bop?rbtype=undefined
59,DC21bou,https://decat-webap.lbl.gov/decatview.py/cand/DC21bou?rbtype=undefined
60,DC21boz,https://decat-webap.lbl.gov/decatview.py/cand/DC21boz?rbtype=undefined
61,DC21bpxa,https://decat-webap.lbl.gov/decatview.py/cand/DC21bpxa?rbtype=undefined
62,DC21bqi,https://decat-webap.lbl.gov/decatview.py/cand/DC21bqi?rbtype=undefined
63,DC21bqk,https://decat-webap.lbl.gov/decatview.py/cand/DC21bqk?rbtype=undefined
64,DC21bqn,https://decat-webap.lbl.gov/decatview.py/cand/DC21bqn?rbtype=undefined
65,DC21bqo,https://decat-webap.lbl.gov/decatview.py/cand/DC21bqo?rbtype=undefined
66,DC21br,https://decat-webap.lbl.gov/decatview.py/cand/DC21br?rbtype=undefined
67,DC21bru,https://decat-webap.lbl.gov/decatview.py/cand/DC21bru?rbtype=undefined
68,DC21bsol,https://decat-webap.lbl.gov/decatview.py/cand/DC21bsol?rbtype=undefined
69,DC21bstb,https://decat-webap.lbl.gov/decatview.py/cand/DC21bstb?rbtype=undefined
70,DC21bsv,https://decat-webap.lbl.gov/decatview.py/cand/DC21bsv?rbtype=undefined
71,DC21btbp,https://decat-webap.lbl.gov/decatview.py/cand/DC21btbp?rbtype=undefined
72,DC21bth,https://decat-webap.lbl.gov/decatview.py/cand/DC21bth?rbtype=undefined
73,DC21btk,https://decat-webap.lbl.gov/decatview.py/cand/DC21btk?rbtype=undefined
74,DC21btn,https://decat-webap.lbl.gov/decatview.py/cand/DC21btn?rbtype=undefined
75,DC21bts,https://decat-webap.lbl.gov/decatview.py/cand/DC21bts?rbtype=undefined
76,DC21bujg,https://decat-webap.lbl.gov/decatview.py/cand/DC21bujg?rbtype=undefined
77,DC21buna,https://decat-webap.lbl.gov/decatview.py/cand/DC21buna?rbtype=undefined
78,DC21bur,https://decat-webap.lbl.gov/decatview.py/cand/DC21bur?rbtype=undefined
79,DC21bus,https://decat-webap.lbl.gov/decatview.py/cand/DC21bus?rbtype=undefined
80,DC21buv,https://decat-webap.lbl.gov/decatview.py/cand/DC21buv?rbtype=undefined
81,DC21bvj,https://decat-webap.lbl.gov/decatview.py/cand/DC21bvj?rbtype=undefined
82,DC21bvl,https://decat-webap.lbl.gov/decatview.py/cand/DC21bvl?rbtype=undefined
83,DC21bvvg,https://decat-webap.lbl.gov/decatview.py/cand/DC21bvvg?rbtype=undefined
84,DC21bvz,https://decat-webap.lbl.gov/decatview.py/cand/DC21bvz?rbtype=undefined
85,DC21bwew,https://decat-webap.lbl.gov/decatview.py/cand/DC21bwew?rbtype=undefined
86,DC21bwl,https://decat-webap.lbl.gov/decatview.py/cand/DC21bwl?rbtype=undefined
87,DC21bwlh,https://decat-webap.lbl.gov/decatview.py/cand/DC21bwlh?rbtype=undefined
88,DC21bwm,https://decat-webap.lbl.gov/decatview.py/cand/DC21bwm?rbtype=undefined
89,DC21bxe,https://decat-webap.lbl.gov/decatview.py/cand/DC21bxe?rbtype=undefined
90,DC21bxf,https://decat-webap.lbl.gov/decatview.py/cand/DC21bxf?rbtype=undefined
91,DC21bxi,https://decat-webap.lbl.gov/decatview.py/cand/DC21bxi?rbtype=undefined
92,DC21bxq,https://decat-webap.lbl.gov/decatview.py/cand/DC21bxq?rbtype=undefined
93,DC21byo,https://decat-webap.lbl.gov/decatview.py/cand/DC21byo?rbtype=undefined
94,DC21byp,https://decat-webap.lbl.gov/decatview.py/cand/DC21byp?rbtype=undefined
95,DC21bysb,https://decat-webap.lbl.gov/decatview.py/cand/DC21bysb?rbtype=undefined
96,DC21bzk,https://decat-webap.lbl.gov/decatview.py/cand/DC21bzk?rbtype=undefined
97,DC21bzkt,https://decat-webap.lbl.gov/decatview.py/cand/DC21bzkt?rbtype=undefined
98,DC21bzn,https://decat-webap.lbl.gov/decatview.py/cand/DC21bzn?rbtype=undefined
99,DC21bzpl,https://decat-webap.lbl.gov/decatview.py/cand/DC21bzpl?rbtype=undefined
100,DC21car,https://decat-webap.lbl.gov/decatview.py/cand/DC21car?rbtype=undefined
101,DC21cbc,https://decat-webap.lbl.gov/decatview.py/cand/DC21cbc?rbtype=undefined
102,DC21cbg,https://decat-webap.lbl.gov/decatview.py/cand/DC21cbg?rbtype=undefined
103,DC21cbi,https://decat-webap.lbl.gov/decatview.py/cand/DC21cbi?rbtype=undefined
104,DC21cbp,https://decat-webap.lbl.gov/decatview.py/cand/DC21cbp?rbtype=undefined
105,DC21cbut,https://decat-webap.lbl.gov/decatview.py/cand/DC21cbut?rbtype=undefined
106,DC21cce,https://decat-webap.lbl.gov/decatview.py/cand/DC21cce?rbtype=undefined
107,DC21ccg,https://decat-webap.lbl.gov/decatview.py/cand/DC21ccg?rbtype=undefined
108,DC21ccw,https://decat-webap.lbl.gov/decatview.py/cand/DC21ccw?rbtype=undefined
109,DC21cd,https://decat-webap.lbl.gov/decatview.py/cand/DC21cd?rbtype=undefined
110,DC21cdc,https://decat-webap.lbl.gov/decatview.py/cand/DC21cdc?rbtype=undefined
111,DC21cdxb,https://decat-webap.lbl.gov/decatview.py/cand/DC21cdxb?rbtype=undefined
112,DC21ceg,https://decat-webap.lbl.gov/decatview.py/cand/DC21ceg?rbtype=undefined
113,DC21ceh,https://decat-webap.lbl.gov/decatview.py/cand/DC21ceh?rbtype=undefined
114,DC21cew,https://decat-webap.lbl.gov/decatview.py/cand/DC21cew?rbtype=undefined
115,DC21cfi,https://decat-webap.lbl.gov/decatview.py/cand/DC21cfi?rbtype=undefined
116,DC21cfp,https://decat-webap.lbl.gov/decatview.py/cand/DC21cfp?rbtype=undefined
117,DC21cfx,https://decat-webap.lbl.gov/decatview.py/cand/DC21cfx?rbtype=undefined
118,DC21cgga,https://decat-webap.lbl.gov/decatview.py/cand/DC21cgga?rbtype=undefined
119,DC21cgmc,https://decat-webap.lbl.gov/decatview.py/cand/DC21cgmc?rbtype=undefined
120,DC21cgn,https://decat-webap.lbl.gov/decatview.py/cand/DC21cgn?rbtype=undefined
121,DC21cgy,https://decat-webap.lbl.gov/decatview.py/cand/DC21cgy?rbtype=undefined
122,DC21cgyc,https://decat-webap.lbl.gov/decatview.py/cand/DC21cgyc?rbtype=undefined
123,DC21chd,https://decat-webap.lbl.gov/decatview.py/cand/DC21chd?rbtype=undefined
124,DC21chg,https://decat-webap.lbl.gov/decatview.py/cand/DC21chg?rbtype=undefined
125,DC21cia,https://decat-webap.lbl.gov/decatview.py/cand/DC21cia?rbtype=undefined
126,DC21ciaw,https://decat-webap.lbl.gov/decatview.py/cand/DC21ciaw?rbtype=undefined
127,DC21cidw,https://decat-webap.lbl.gov/decatview.py/cand/DC21cidw?rbtype=undefined
128,DC21cig,https://decat-webap.lbl.gov/decatview.py/cand/DC21cig?rbtype=undefined
129,DC21cihi,https://decat-webap.lbl.gov/decatview.py/cand/DC21cihi?rbtype=undefined
130,DC21cik,https://decat-webap.lbl.gov/decatview.py/cand/DC21cik?rbtype=undefined
131,DC21cir,https://decat-webap.lbl.gov/decatview.py/cand/DC21cir?rbtype=undefined
132,DC21cis,https://decat-webap.lbl.gov/decatview.py/cand/DC21cis?rbtype=undefined
133,DC21ciu,https://decat-webap.lbl.gov/decatview.py/cand/DC21ciu?rbtype=undefined
134,DC21ciue,https://decat-webap.lbl.gov/decatview.py/cand/DC21ciue?rbtype=undefined
135,DC21ciym,https://decat-webap.lbl.gov/decatview.py/cand/DC21ciym?rbtype=undefined
136,DC21cjh,https://decat-webap.lbl.gov/decatview.py/cand/DC21cjh?rbtype=undefined
137,DC21cjo,https://decat-webap.lbl.gov/decatview.py/cand/DC21cjo?rbtype=undefined
138,DC21cjq,https://decat-webap.lbl.gov/decatview.py/cand/DC21cjq?rbtype=undefined
139,DC21cjzy,https://decat-webap.lbl.gov/decatview.py/cand/DC21cjzy?rbtype=undefined
140,DC21ckc,https://decat-webap.lbl.gov/decatview.py/cand/DC21ckc?rbtype=undefined
141,DC21cknp,https://decat-webap.lbl.gov/decatview.py/cand/DC21cknp?rbtype=undefined
142,DC21cks,https://decat-webap.lbl.gov/decatview.py/cand/DC21cks?rbtype=undefined
143,DC21ckt,https://decat-webap.lbl.gov/decatview.py/cand/DC21ckt?rbtype=undefined
144,DC21cku,https://decat-webap.lbl.gov/decatview.py/cand/DC21cku?rbtype=undefined
145,DC21ckv,https://decat-webap.lbl.gov/decatview.py/cand/DC21ckv?rbtype=undefined
146,DC21cl,https://decat-webap.lbl.gov/decatview.py/cand/DC21cl?rbtype=undefined
147,DC21cla,https://decat-webap.lbl.gov/decatview.py/cand/DC21cla?rbtype=undefined
148,DC21clbh,https://decat-webap.lbl.gov/decatview.py/cand/DC21clbh?rbtype=undefined
149,DC21clj,https://decat-webap.lbl.gov/decatview.py/cand/DC21clj?rbtype=undefined
150,DC21clkx,https://decat-webap.lbl.gov/decatview.py/cand/DC21clkx?rbtype=undefined
151,DC21clr,https://decat-webap.lbl.gov/decatview.py/cand/DC21clr?rbtype=undefined
152,DC21clx,https://decat-webap.lbl.gov/decatview.py/cand/DC21clx?rbtype=undefined
153,DC21cmt,https://decat-webap.lbl.gov/decatview.py/cand/DC21cmt?rbtype=undefined
154,DC21cn,https://decat-webap.lbl.gov/decatview.py/cand/DC21cn?rbtype=undefined
155,DC21cnl,https://decat-webap.lbl.gov/decatview.py/cand/DC21cnl?rbtype=undefined
156,DC21cnq,https://decat-webap.lbl.gov/decatview.py/cand/DC21cnq?rbtype=undefined
157,DC21cns,https://decat-webap.lbl.gov/decatview.py/cand/DC21cns?rbtype=undefined
158,DC21cobc,https://decat-webap.lbl.gov/decatview.py/cand/DC21cobc?rbtype=undefined
159,DC21cox,https://decat-webap.lbl.gov/decatview.py/cand/DC21cox?rbtype=undefined
160,DC21cpc,https://decat-webap.lbl.gov/decatview.py/cand/DC21cpc?rbtype=undefined
161,DC21cpd,https://decat-webap.lbl.gov/decatview.py/cand/DC21cpd?rbtype=undefined
162,DC21cpf,https://decat-webap.lbl.gov/decatview.py/cand/DC21cpf?rbtype=undefined
163,DC21cph,https://decat-webap.lbl.gov/decatview.py/cand/DC21cph?rbtype=undefined
164,DC21cqh,https://decat-webap.lbl.gov/decatview.py/cand/DC21cqh?rbtype=undefined
165,DC21cql,https://decat-webap.lbl.gov/decatview.py/cand/DC21cql?rbtype=undefined
166,DC21cqnl,https://decat-webap.lbl.gov/decatview.py/cand/DC21cqnl?rbtype=undefined
167,DC21cqyq,https://decat-webap.lbl.gov/decatview.py/cand/DC21cqyq?rbtype=undefined
168,DC21cqz,https://decat-webap.lbl.gov/decatview.py/cand/DC21cqz?rbtype=undefined
169,DC21crg,https://decat-webap.lbl.gov/decatview.py/cand/DC21crg?rbtype=undefined
170,DC21crh,https://decat-webap.lbl.gov/decatview.py/cand/DC21crh?rbtype=undefined
171,DC21crk,https://decat-webap.lbl.gov/decatview.py/cand/DC21crk?rbtype=undefined
172,DC21crq,https://decat-webap.lbl.gov/decatview.py/cand/DC21crq?rbtype=undefined
173,DC21cs,https://decat-webap.lbl.gov/decatview.py/cand/DC21cs?rbtype=undefined
174,DC21csa,https://decat-webap.lbl.gov/decatview.py/cand/DC21csa?rbtype=undefined
175,DC21csi,https://decat-webap.lbl.gov/decatview.py/cand/DC21csi?rbtype=undefined
176,DC21csj,https://decat-webap.lbl.gov/decatview.py/cand/DC21csj?rbtype=undefined
177,DC21csl,https://decat-webap.lbl.gov/decatview.py/cand/DC21csl?rbtype=undefined
178,DC21csm,https://decat-webap.lbl.gov/decatview.py/cand/DC21csm?rbtype=undefined
179,DC21csoi,https://decat-webap.lbl.gov/decatview.py/cand/DC21csoi?rbtype=undefined
180,DC21cst,https://decat-webap.lbl.gov/decatview.py/cand/DC21cst?rbtype=undefined
181,DC21csy,https://decat-webap.lbl.gov/decatview.py/cand/DC21csy?rbtype=undefined
182,DC21ctb,https://decat-webap.lbl.gov/decatview.py/cand/DC21ctb?rbtype=undefined
183,DC21ctfe,https://decat-webap.lbl.gov/decatview.py/cand/DC21ctfe?rbtype=undefined
184,DC21cth,https://decat-webap.lbl.gov/decatview.py/cand/DC21cth?rbtype=undefined
185,DC21ctx,https://decat-webap.lbl.gov/decatview.py/cand/DC21ctx?rbtype=undefined
186,DC21cuhd,https://decat-webap.lbl.gov/decatview.py/cand/DC21cuhd?rbtype=undefined
187,DC21cuk,https://decat-webap.lbl.gov/decatview.py/cand/DC21cuk?rbtype=undefined
188,DC21cuw,https://decat-webap.lbl.gov/decatview.py/cand/DC21cuw?rbtype=undefined
189,DC21cvnlk,https://decat-webap.lbl.gov/decatview.py/cand/DC21cvnlk?rbtype=undefined
190,DC21cvs,https://decat-webap.lbl.gov/decatview.py/cand/DC21cvs?rbtype=undefined
191,DC21cvtb,https://decat-webap.lbl.gov/decatview.py/cand/DC21cvtb?rbtype=undefined
192,DC21cvw,https://decat-webap.lbl.gov/decatview.py/cand/DC21cvw?rbtype=undefined
193,DC21cvz,https://decat-webap.lbl.gov/decatview.py/cand/DC21cvz?rbtype=undefined
194,DC21cwc,https://decat-webap.lbl.gov/decatview.py/cand/DC21cwc?rbtype=undefined
195,DC21cwh,https://decat-webap.lbl.gov/decatview.py/cand/DC21cwh?rbtype=undefined
196,DC21cwm,https://decat-webap.lbl.gov/decatview.py/cand/DC21cwm?rbtype=undefined
197,DC21cwn,https://decat-webap.lbl.gov/decatview.py/cand/DC21cwn?rbtype=undefined
198,DC21cwo,https://decat-webap.lbl.gov/decatview.py/cand/DC21cwo?rbtype=undefined
199,DC21cwp,https://decat-webap.lbl.gov/decatview.py/cand/DC21cwp?rbtype=undefined
200,DC21cwu,https://decat-webap.lbl.gov/decatview.py/cand/DC21cwu?rbtype=undefined
201,DC21cwubi,https://decat-webap.lbl.gov/decatview.py/cand/DC21cwubi?rbtype=undefined
202,DC21cwy,https://decat-webap.lbl.gov/decatview.py/cand/DC21cwy?rbtype=undefined
203,DC21cxd,https://decat-webap.lbl.gov/decatview.py/cand/DC21cxd?rbtype=undefined
204,DC21cxk,https://decat-webap.lbl.gov/decatview.py/cand/DC21cxk?rbtype=undefined
205,DC21cxt,https://decat-webap.lbl.gov/decatview.py/cand/DC21cxt?rbtype=undefined
206,DC21cyk,https://decat-webap.lbl.gov/decatview.py/cand/DC21cyk?rbtype=undefined
207,DC21cyo,https://decat-webap.lbl.gov/decatview.py/cand/DC21cyo?rbtype=undefined
208,DC21cyw,https://decat-webap.lbl.gov/decatview.py/cand/DC21cyw?rbtype=undefined
209,DC21cza,https://decat-webap.lbl.gov/decatview.py/cand/DC21cza?rbtype=undefined
210,DC21czcn,https://decat-webap.lbl.gov/decatview.py/cand/DC21czcn?rbtype=undefined
211,DC21czu,https://decat-webap.lbl.gov/decatview.py/cand/DC21czu?rbtype=undefined
212,DC21dag,https://decat-webap.lbl.gov/decatview.py/cand/DC21dag?rbtype=undefined
213,DC21dah,https://decat-webap.lbl.gov/decatview.py/cand/DC21dah?rbtype=undefined
214,DC21dal,https://decat-webap.lbl.gov/decatview.py/cand/DC21dal?rbtype=undefined
215,DC21das,https://decat-webap.lbl.gov/decatview.py/cand/DC21das?rbtype=undefined
216,DC21dav,https://decat-webap.lbl.gov/decatview.py/cand/DC21dav?rbtype=undefined
217,DC21day,https://decat-webap.lbl.gov/decatview.py/cand/DC21day?rbtype=undefined
218,DC21db,https://decat-webap.lbl.gov/decatview.py/cand/DC21db?rbtype=undefined
219,DC21dbc,https://decat-webap.lbl.gov/decatview.py/cand/DC21dbc?rbtype=undefined
220,DC21dbk,https://decat-webap.lbl.gov/decatview.py/cand/DC21dbk?rbtype=undefined
221,DC21dbz,https://decat-webap.lbl.gov/decatview.py/cand/DC21dbz?rbtype=undefined
222,DC21dcb,https://decat-webap.lbl.gov/decatview.py/cand/DC21dcb?rbtype=undefined
223,DC21dck,https://decat-webap.lbl.gov/decatview.py/cand/DC21dck?rbtype=undefined
224,DC21dcl,https://decat-webap.lbl.gov/decatview.py/cand/DC21dcl?rbtype=undefined
225,DC21dcm,https://decat-webap.lbl.gov/decatview.py/cand/DC21dcm?rbtype=undefined
226,DC21ddi,https://decat-webap.lbl.gov/decatview.py/cand/DC21ddi?rbtype=undefined
227,DC21ddu,https://decat-webap.lbl.gov/decatview.py/cand/DC21ddu?rbtype=undefined
228,DC21ddx,https://decat-webap.lbl.gov/decatview.py/cand/DC21ddx?rbtype=undefined
229,DC21decr,https://decat-webap.lbl.gov/decatview.py/cand/DC21decr?rbtype=undefined
230,DC21del,https://decat-webap.lbl.gov/decatview.py/cand/DC21del?rbtype=undefined
231,DC21det,https://decat-webap.lbl.gov/decatview.py/cand/DC21det?rbtype=undefined
232,DC21dfm,https://decat-webap.lbl.gov/decatview.py/cand/DC21dfm?rbtype=undefined
233,DC21dfze,https://decat-webap.lbl.gov/decatview.py/cand/DC21dfze?rbtype=undefined
234,DC21dg,https://decat-webap.lbl.gov/decatview.py/cand/DC21dg?rbtype=undefined
235,DC21dgh,https://decat-webap.lbl.gov/decatview.py/cand/DC21dgh?rbtype=undefined
236,DC21dgm,https://decat-webap.lbl.gov/decatview.py/cand/DC21dgm?rbtype=undefined
237,DC21dgq,https://decat-webap.lbl.gov/decatview.py/cand/DC21dgq?rbtype=undefined
238,DC21dgv,https://decat-webap.lbl.gov/decatview.py/cand/DC21dgv?rbtype=undefined
239,DC21dh,https://decat-webap.lbl.gov/decatview.py/cand/DC21dh?rbtype=undefined
240,DC21dha,https://decat-webap.lbl.gov/decatview.py/cand/DC21dha?rbtype=undefined
241,DC21dhgm,https://decat-webap.lbl.gov/decatview.py/cand/DC21dhgm?rbtype=undefined
242,DC21dhi,https://decat-webap.lbl.gov/decatview.py/cand/DC21dhi?rbtype=undefined
243,DC21dhk,https://decat-webap.lbl.gov/decatview.py/cand/DC21dhk?rbtype=undefined
244,DC21dhr,https://decat-webap.lbl.gov/decatview.py/cand/DC21dhr?rbtype=undefined
245,DC21dht,https://decat-webap.lbl.gov/decatview.py/cand/DC21dht?rbtype=undefined
246,DC21did,https://decat-webap.lbl.gov/decatview.py/cand/DC21did?rbtype=undefined
247,DC21die,https://decat-webap.lbl.gov/decatview.py/cand/DC21die?rbtype=undefined
248,DC21dij,https://decat-webap.lbl.gov/decatview.py/cand/DC21dij?rbtype=undefined
249,DC21dio,https://decat-webap.lbl.gov/decatview.py/cand/DC21dio?rbtype=undefined
250,DC21dis,https://decat-webap.lbl.gov/decatview.py/cand/DC21dis?rbtype=undefined
251,DC21dja,https://decat-webap.lbl.gov/decatview.py/cand/DC21dja?rbtype=undefined
252,DC21djk,https://decat-webap.lbl.gov/decatview.py/cand/DC21djk?rbtype=undefined
253,DC21djp,https://decat-webap.lbl.gov/decatview.py/cand/DC21djp?rbtype=undefined
254,DC21djs,https://decat-webap.lbl.gov/decatview.py/cand/DC21djs?rbtype=undefined
255,DC21djw,https://decat-webap.lbl.gov/decatview.py/cand/DC21djw?rbtype=undefined
256,DC21djy,https://decat-webap.lbl.gov/decatview.py/cand/DC21djy?rbtype=undefined
257,DC21dki,https://decat-webap.lbl.gov/decatview.py/cand/DC21dki?rbtype=undefined
258,DC21dkl,https://decat-webap.lbl.gov/decatview.py/cand/DC21dkl?rbtype=undefined
259,DC21dkn,https://decat-webap.lbl.gov/decatview.py/cand/DC21dkn?rbtype=undefined
260,DC21dku,https://decat-webap.lbl.gov/decatview.py/cand/DC21dku?rbtype=undefined
261,DC21dkx,https://decat-webap.lbl.gov/decatview.py/cand/DC21dkx?rbtype=undefined
262,DC21dky,https://decat-webap.lbl.gov/decatview.py/cand/DC21dky?rbtype=undefined
263,DC21dle,https://decat-webap.lbl.gov/decatview.py/cand/DC21dle?rbtype=undefined
264,DC21dln,https://decat-webap.lbl.gov/decatview.py/cand/DC21dln?rbtype=undefined
265,DC21dlq,https://decat-webap.lbl.gov/decatview.py/cand/DC21dlq?rbtype=undefined
266,DC21dlr,https://decat-webap.lbl.gov/decatview.py/cand/DC21dlr?rbtype=undefined
267,DC21dly,https://decat-webap.lbl.gov/decatview.py/cand/DC21dly?rbtype=undefined
268,DC21dm,https://decat-webap.lbl.gov/decatview.py/cand/DC21dm?rbtype=undefined
269,DC21dmp,https://decat-webap.lbl.gov/decatview.py/cand/DC21dmp?rbtype=undefined
270,DC21dnf,https://decat-webap.lbl.gov/decatview.py/cand/DC21dnf?rbtype=undefined
271,DC21dni,https://decat-webap.lbl.gov/decatview.py/cand/DC21dni?rbtype=undefined
272,DC21dnm,https://decat-webap.lbl.gov/decatview.py/cand/DC21dnm?rbtype=undefined
273,DC21dnt,https://decat-webap.lbl.gov/decatview.py/cand/DC21dnt?rbtype=undefined
274,DC21dou,https://decat-webap.lbl.gov/decatview.py/cand/DC21dou?rbtype=undefined
275,DC21dpc,https://decat-webap.lbl.gov/decatview.py/cand/DC21dpc?rbtype=undefined
276,DC21dpd,https://decat-webap.lbl.gov/decatview.py/cand/DC21dpd?rbtype=undefined
277,DC21dpf,https://decat-webap.lbl.gov/decatview.py/cand/DC21dpf?rbtype=undefined
278,DC21dpi,https://decat-webap.lbl.gov/decatview.py/cand/DC21dpi?rbtype=undefined
279,DC21dpu,https://decat-webap.lbl.gov/decatview.py/cand/DC21dpu?rbtype=undefined
280,DC21dpwcq,https://decat-webap.lbl.gov/decatview.py/cand/DC21dpwcq?rbtype=undefined
281,DC21dqe,https://decat-webap.lbl.gov/decatview.py/cand/DC21dqe?rbtype=undefined
282,DC21dqg,https://decat-webap.lbl.gov/decatview.py/cand/DC21dqg?rbtype=undefined
283,DC21dqi,https://decat-webap.lbl.gov/decatview.py/cand/DC21dqi?rbtype=undefined
284,DC21dqj,https://decat-webap.lbl.gov/decatview.py/cand/DC21dqj?rbtype=undefined
285,DC21dql,https://decat-webap.lbl.gov/decatview.py/cand/DC21dql?rbtype=undefined
286,DC21dqo,https://decat-webap.lbl.gov/decatview.py/cand/DC21dqo?rbtype=undefined
287,DC21dqr,https://decat-webap.lbl.gov/decatview.py/cand/DC21dqr?rbtype=undefined
288,DC21dqt,https://decat-webap.lbl.gov/decatview.py/cand/DC21dqt?rbtype=undefined
289,DC21dqx,https://decat-webap.lbl.gov/decatview.py/cand/DC21dqx?rbtype=undefined
290,DC21drd,https://decat-webap.lbl.gov/decatview.py/cand/DC21drd?rbtype=undefined
291,DC21drfj,https://decat-webap.lbl.gov/decatview.py/cand/DC21drfj?rbtype=undefined
292,DC21drg,https://decat-webap.lbl.gov/decatview.py/cand/DC21drg?rbtype=undefined
293,DC21drw,https://decat-webap.lbl.gov/decatview.py/cand/DC21drw?rbtype=undefined
294,DC21drx,https://decat-webap.lbl.gov/decatview.py/cand/DC21drx?rbtype=undefined
295,DC21dsg,https://decat-webap.lbl.gov/decatview.py/cand/DC21dsg?rbtype=undefined
296,DC21dsh,https://decat-webap.lbl.gov/decatview.py/cand/DC21dsh?rbtype=undefined
297,DC21dsj,https://decat-webap.lbl.gov/decatview.py/cand/DC21dsj?rbtype=undefined
298,DC21dsq,https://decat-webap.lbl.gov/decatview.py/cand/DC21dsq?rbtype=undefined
299,DC21dsu,https://decat-webap.lbl.gov/decatview.py/cand/DC21dsu?rbtype=undefined
300,DC21dsw,https://decat-webap.lbl.gov/decatview.py/cand/DC21dsw?rbtype=undefined
301,DC21dsx,https://decat-webap.lbl.gov/decatview.py/cand/DC21dsx?rbtype=undefined
302,DC21dtc,https://decat-webap.lbl.gov/decatview.py/cand/DC21dtc?rbtype=undefined
303,DC21dti,https://decat-webap.lbl.gov/decatview.py/cand/DC21dti?rbtype=undefined
304,DC21dtt,https://decat-webap.lbl.gov/decatview.py/cand/DC21dtt?rbtype=undefined
305,DC21dtu,https://decat-webap.lbl.gov/decatview.py/cand/DC21dtu?rbtype=undefined
306,DC21dtv,https://decat-webap.lbl.gov/decatview.py/cand/DC21dtv?rbtype=undefined
307,DC21dtz,https://decat-webap.lbl.gov/decatview.py/cand/DC21dtz?rbtype=undefined
308,DC21dua,https://decat-webap.lbl.gov/decatview.py/cand/DC21dua?rbtype=undefined
309,DC21dug,https://decat-webap.lbl.gov/decatview.py/cand/DC21dug?rbtype=undefined
310,DC21dus,https://decat-webap.lbl.gov/decatview.py/cand/DC21dus?rbtype=undefined
311,DC21dvb,https://decat-webap.lbl.gov/decatview.py/cand/DC21dvb?rbtype=undefined
312,DC21dvi,https://decat-webap.lbl.gov/decatview.py/cand/DC21dvi?rbtype=undefined
313,DC21dvx,https://decat-webap.lbl.gov/decatview.py/cand/DC21dvx?rbtype=undefined
314,DC21dw,https://decat-webap.lbl.gov/decatview.py/cand/DC21dw?rbtype=undefined
315,DC21dwc,https://decat-webap.lbl.gov/decatview.py/cand/DC21dwc?rbtype=undefined
316,DC21dws,https://decat-webap.lbl.gov/decatview.py/cand/DC21dws?rbtype=undefined
317,DC21dwz,https://decat-webap.lbl.gov/decatview.py/cand/DC21dwz?rbtype=undefined
318,DC21dxp,https://decat-webap.lbl.gov/decatview.py/cand/DC21dxp?rbtype=undefined
319,DC21dxv,https://decat-webap.lbl.gov/decatview.py/cand/DC21dxv?rbtype=undefined
320,DC21dyc,https://decat-webap.lbl.gov/decatview.py/cand/DC21dyc?rbtype=undefined
321,DC21dyg,https://decat-webap.lbl.gov/decatview.py/cand/DC21dyg?rbtype=undefined
322,DC21dyp,https://decat-webap.lbl.gov/decatview.py/cand/DC21dyp?rbtype=undefined
323,DC21dyw,https://decat-webap.lbl.gov/decatview.py/cand/DC21dyw?rbtype=undefined
324,DC21dzi,https://decat-webap.lbl.gov/decatview.py/cand/DC21dzi?rbtype=undefined
325,DC21dzp,https://decat-webap.lbl.gov/decatview.py/cand/DC21dzp?rbtype=undefined
326,DC21dzq,https://decat-webap.lbl.gov/decatview.py/cand/DC21dzq?rbtype=undefined
327,DC21dzr,https://decat-webap.lbl.gov/decatview.py/cand/DC21dzr?rbtype=undefined
328,DC21dzu,https://decat-webap.lbl.gov/decatview.py/cand/DC21dzu?rbtype=undefined
329,DC21eae,https://decat-webap.lbl.gov/decatview.py/cand/DC21eae?rbtype=undefined
330,DC21eaj,https://decat-webap.lbl.gov/decatview.py/cand/DC21eaj?rbtype=undefined
331,DC21eb,https://decat-webap.lbl.gov/decatview.py/cand/DC21eb?rbtype=undefined
332,DC21ebo,https://decat-webap.lbl.gov/decatview.py/cand/DC21ebo?rbtype=undefined
333,DC21ecb,https://decat-webap.lbl.gov/decatview.py/cand/DC21ecb?rbtype=undefined
334,DC21ecf,https://decat-webap.lbl.gov/decatview.py/cand/DC21ecf?rbtype=undefined
335,DC21eci,https://decat-webap.lbl.gov/decatview.py/cand/DC21eci?rbtype=undefined
336,DC21ecl,https://decat-webap.lbl.gov/decatview.py/cand/DC21ecl?rbtype=undefined
337,DC21ecmr,https://decat-webap.lbl.gov/decatview.py/cand/DC21ecmr?rbtype=undefined
338,DC21ecs,https://decat-webap.lbl.gov/decatview.py/cand/DC21ecs?rbtype=undefined
339,DC21ecu,https://decat-webap.lbl.gov/decatview.py/cand/DC21ecu?rbtype=undefined
340,DC21edd,https://decat-webap.lbl.gov/decatview.py/cand/DC21edd?rbtype=undefined
341,DC21edv,https://decat-webap.lbl.gov/decatview.py/cand/DC21edv?rbtype=undefined
342,DC21eedf,https://decat-webap.lbl.gov/decatview.py/cand/DC21eedf?rbtype=undefined
343,DC21eek,https://decat-webap.lbl.gov/decatview.py/cand/DC21eek?rbtype=undefined
344,DC21een,https://decat-webap.lbl.gov/decatview.py/cand/DC21een?rbtype=undefined
345,DC21efl,https://decat-webap.lbl.gov/decatview.py/cand/DC21efl?rbtype=undefined
346,DC21efs,https://decat-webap.lbl.gov/decatview.py/cand/DC21efs?rbtype=undefined
347,DC21efv,https://decat-webap.lbl.gov/decatview.py/cand/DC21efv?rbtype=undefined
348,DC21efy,https://decat-webap.lbl.gov/decatview.py/cand/DC21efy?rbtype=undefined
349,DC21egb,https://decat-webap.lbl.gov/decatview.py/cand/DC21egb?rbtype=undefined
350,DC21egj,https://decat-webap.lbl.gov/decatview.py/cand/DC21egj?rbtype=undefined
351,DC21egm,https://decat-webap.lbl.gov/decatview.py/cand/DC21egm?rbtype=undefined
352,DC21egu,https://decat-webap.lbl.gov/decatview.py/cand/DC21egu?rbtype=undefined
353,DC21eh,https://decat-webap.lbl.gov/decatview.py/cand/DC21eh?rbtype=undefined
354,DC21ehff,https://decat-webap.lbl.gov/decatview.py/cand/DC21ehff?rbtype=undefined
355,DC21ehl,https://decat-webap.lbl.gov/decatview.py/cand/DC21ehl?rbtype=undefined
356,DC21ehx,https://decat-webap.lbl.gov/decatview.py/cand/DC21ehx?rbtype=undefined
357,DC21ei,https://decat-webap.lbl.gov/decatview.py/cand/DC21ei?rbtype=undefined
358,DC21eix,https://decat-webap.lbl.gov/decatview.py/cand/DC21eix?rbtype=undefined
359,DC21ejk,https://decat-webap.lbl.gov/decatview.py/cand/DC21ejk?rbtype=undefined
360,DC21eku,https://decat-webap.lbl.gov/decatview.py/cand/DC21eku?rbtype=undefined
361,DC21elc,https://decat-webap.lbl.gov/decatview.py/cand/DC21elc?rbtype=undefined
362,DC21eli,https://decat-webap.lbl.gov/decatview.py/cand/DC21eli?rbtype=undefined
363,DC21enf,https://decat-webap.lbl.gov/decatview.py/cand/DC21enf?rbtype=undefined
364,DC21enx,https://decat-webap.lbl.gov/decatview.py/cand/DC21enx?rbtype=undefined
365,DC21eo,https://decat-webap.lbl.gov/decatview.py/cand/DC21eo?rbtype=undefined
366,DC21eoal,https://decat-webap.lbl.gov/decatview.py/cand/DC21eoal?rbtype=undefined
367,DC21eou,https://decat-webap.lbl.gov/decatview.py/cand/DC21eou?rbtype=undefined
368,DC21epk,https://decat-webap.lbl.gov/decatview.py/cand/DC21epk?rbtype=undefined
369,DC21epn,https://decat-webap.lbl.gov/decatview.py/cand/DC21epn?rbtype=undefined
370,DC21epo,https://decat-webap.lbl.gov/decatview.py/cand/DC21epo?rbtype=undefined
371,DC21epq,https://decat-webap.lbl.gov/decatview.py/cand/DC21epq?rbtype=undefined
372,DC21eprk,https://decat-webap.lbl.gov/decatview.py/cand/DC21eprk?rbtype=undefined
373,DC21eqj,https://decat-webap.lbl.gov/decatview.py/cand/DC21eqj?rbtype=undefined
374,DC21eqr,https://decat-webap.lbl.gov/decatview.py/cand/DC21eqr?rbtype=undefined
375,DC21equ,https://decat-webap.lbl.gov/decatview.py/cand/DC21equ?rbtype=undefined
376,DC21eqz,https://decat-webap.lbl.gov/decatview.py/cand/DC21eqz?rbtype=undefined
377,DC21er,https://decat-webap.lbl.gov/decatview.py/cand/DC21er?rbtype=undefined
378,DC21eri,https://decat-webap.lbl.gov/decatview.py/cand/DC21eri?rbtype=undefined
379,DC21erj,https://decat-webap.lbl.gov/decatview.py/cand/DC21erj?rbtype=undefined
380,DC21erq,https://decat-webap.lbl.gov/decatview.py/cand/DC21erq?rbtype=undefined
381,DC21err,https://decat-webap.lbl.gov/decatview.py/cand/DC21err?rbtype=undefined
382,DC21esa,https://decat-webap.lbl.gov/decatview.py/cand/DC21esa?rbtype=undefined
383,DC21esi,https://decat-webap.lbl.gov/decatview.py/cand/DC21esi?rbtype=undefined
384,DC21esr,https://decat-webap.lbl.gov/decatview.py/cand/DC21esr?rbtype=undefined
385,DC21est,https://decat-webap.lbl.gov/decatview.py/cand/DC21est?rbtype=undefined
386,DC21et,https://decat-webap.lbl.gov/decatview.py/cand/DC21et?rbtype=undefined
387,DC21eua,https://decat-webap.lbl.gov/decatview.py/cand/DC21eua?rbtype=undefined
388,DC21euj,https://decat-webap.lbl.gov/decatview.py/cand/DC21euj?rbtype=undefined
389,DC21euk,https://decat-webap.lbl.gov/decatview.py/cand/DC21euk?rbtype=undefined
390,DC21euo,https://decat-webap.lbl.gov/decatview.py/cand/DC21euo?rbtype=undefined
391,DC21euq,https://decat-webap.lbl.gov/decatview.py/cand/DC21euq?rbtype=undefined
392,DC21eux,https://decat-webap.lbl.gov/decatview.py/cand/DC21eux?rbtype=undefined
393,DC21euy,https://decat-webap.lbl.gov/decatview.py/cand/DC21euy?rbtype=undefined
394,DC21ev,https://decat-webap.lbl.gov/decatview.py/cand/DC21ev?rbtype=undefined
395,DC21evq,https://decat-webap.lbl.gov/decatview.py/cand/DC21evq?rbtype=undefined
396,DC21ewg,https://decat-webap.lbl.gov/decatview.py/cand/DC21ewg?rbtype=undefined
397,DC21ewk,https://decat-webap.lbl.gov/decatview.py/cand/DC21ewk?rbtype=undefined
398,DC21ewr,https://decat-webap.lbl.gov/decatview.py/cand/DC21ewr?rbtype=undefined
399,DC21ewz,https://decat-webap.lbl.gov/decatview.py/cand/DC21ewz?rbtype=undefined
400,DC21ex,https://decat-webap.lbl.gov/decatview.py/cand/DC21ex?rbtype=undefined
401,DC21exga,https://decat-webap.lbl.gov/decatview.py/cand/DC21exga?rbtype=undefined
402,DC21exj,https://decat-webap.lbl.gov/decatview.py/cand/DC21exj?rbtype=undefined
403,DC21ey,https://decat-webap.lbl.gov/decatview.py/cand/DC21ey?rbtype=undefined
404,DC21ezb,https://decat-webap.lbl.gov/decatview.py/cand/DC21ezb?rbtype=undefined
405,DC21ezk,https://decat-webap.lbl.gov/decatview.py/cand/DC21ezk?rbtype=undefined
406,DC21ezp,https://decat-webap.lbl.gov/decatview.py/cand/DC21ezp?rbtype=undefined
407,DC21ezs,https://decat-webap.lbl.gov/decatview.py/cand/DC21ezs?rbtype=undefined
408,DC21ezv,https://decat-webap.lbl.gov/decatview.py/cand/DC21ezv?rbtype=undefined
409,DC21ezw,https://decat-webap.lbl.gov/decatview.py/cand/DC21ezw?rbtype=undefined
410,DC21fap,https://decat-webap.lbl.gov/decatview.py/cand/DC21fap?rbtype=undefined
411,DC21fbf,https://decat-webap.lbl.gov/decatview.py/cand/DC21fbf?rbtype=undefined
412,DC21fbg,https://decat-webap.lbl.gov/decatview.py/cand/DC21fbg?rbtype=undefined
413,DC21fbj,https://decat-webap.lbl.gov/decatview.py/cand/DC21fbj?rbtype=undefined
414,DC21fbr,https://decat-webap.lbl.gov/decatview.py/cand/DC21fbr?rbtype=undefined
415,DC21fbxw,https://decat-webap.lbl.gov/decatview.py/cand/DC21fbxw?rbtype=undefined
416,DC21fcw,https://decat-webap.lbl.gov/decatview.py/cand/DC21fcw?rbtype=undefined
417,DC21fd,https://decat-webap.lbl.gov/decatview.py/cand/DC21fd?rbtype=undefined
418,DC21fdb,https://decat-webap.lbl.gov/decatview.py/cand/DC21fdb?rbtype=undefined
419,DC21fdm,https://decat-webap.lbl.gov/decatview.py/cand/DC21fdm?rbtype=undefined
420,DC21fdo,https://decat-webap.lbl.gov/decatview.py/cand/DC21fdo?rbtype=undefined
421,DC21fdq,https://decat-webap.lbl.gov/decatview.py/cand/DC21fdq?rbtype=undefined
422,DC21fe,https://decat-webap.lbl.gov/decatview.py/cand/DC21fe?rbtype=undefined
423,DC21fego,https://decat-webap.lbl.gov/decatview.py/cand/DC21fego?rbtype=undefined
424,DC21fer,https://decat-webap.lbl.gov/decatview.py/cand/DC21fer?rbtype=undefined
425,DC21ff,https://decat-webap.lbl.gov/decatview.py/cand/DC21ff?rbtype=undefined
426,DC21ffc,https://decat-webap.lbl.gov/decatview.py/cand/DC21ffc?rbtype=undefined
427,DC21ffg,https://decat-webap.lbl.gov/decatview.py/cand/DC21ffg?rbtype=undefined
428,DC21ffr,https://decat-webap.lbl.gov/decatview.py/cand/DC21ffr?rbtype=undefined
429,DC21fga,https://decat-webap.lbl.gov/decatview.py/cand/DC21fga?rbtype=undefined
430,DC21fgh,https://decat-webap.lbl.gov/decatview.py/cand/DC21fgh?rbtype=undefined
431,DC21fgi,https://decat-webap.lbl.gov/decatview.py/cand/DC21fgi?rbtype=undefined
432,DC21fgj,https://decat-webap.lbl.gov/decatview.py/cand/DC21fgj?rbtype=undefined
433,DC21fgl,https://decat-webap.lbl.gov/decatview.py/cand/DC21fgl?rbtype=undefined
434,DC21fgu,https://decat-webap.lbl.gov/decatview.py/cand/DC21fgu?rbtype=undefined
435,DC21fgx,https://decat-webap.lbl.gov/decatview.py/cand/DC21fgx?rbtype=undefined
436,DC21fh,https://decat-webap.lbl.gov/decatview.py/cand/DC21fh?rbtype=undefined
437,DC21fhp,https://decat-webap.lbl.gov/decatview.py/cand/DC21fhp?rbtype=undefined
438,DC21fhx,https://decat-webap.lbl.gov/decatview.py/cand/DC21fhx?rbtype=undefined
439,DC21fia,https://decat-webap.lbl.gov/decatview.py/cand/DC21fia?rbtype=undefined
440,DC21fiu,https://decat-webap.lbl.gov/decatview.py/cand/DC21fiu?rbtype=undefined
441,DC21fiv,https://decat-webap.lbl.gov/decatview.py/cand/DC21fiv?rbtype=undefined
442,DC21fkc,https://decat-webap.lbl.gov/decatview.py/cand/DC21fkc?rbtype=undefined
443,DC21fkd,https://decat-webap.lbl.gov/decatview.py/cand/DC21fkd?rbtype=undefined
444,DC21fke,https://decat-webap.lbl.gov/decatview.py/cand/DC21fke?rbtype=undefined
445,DC21fkg,https://decat-webap.lbl.gov/decatview.py/cand/DC21fkg?rbtype=undefined
446,DC21fkj,https://decat-webap.lbl.gov/decatview.py/cand/DC21fkj?rbtype=undefined
447,DC21fkjl,https://decat-webap.lbl.gov/decatview.py/cand/DC21fkjl?rbtype=undefined
448,DC21fly,https://decat-webap.lbl.gov/decatview.py/cand/DC21fly?rbtype=undefined
449,DC21fmm,https://decat-webap.lbl.gov/decatview.py/cand/DC21fmm?rbtype=undefined
450,DC21fn,https://decat-webap.lbl.gov/decatview.py/cand/DC21fn?rbtype=undefined
451,DC21fna,https://decat-webap.lbl.gov/decatview.py/cand/DC21fna?rbtype=undefined
452,DC21fnc,https://decat-webap.lbl.gov/decatview.py/cand/DC21fnc?rbtype=undefined
453,DC21fnh,https://decat-webap.lbl.gov/decatview.py/cand/DC21fnh?rbtype=undefined
454,DC21fni,https://decat-webap.lbl.gov/decatview.py/cand/DC21fni?rbtype=undefined
455,DC21fom,https://decat-webap.lbl.gov/decatview.py/cand/DC21fom?rbtype=undefined
456,DC21foo,https://decat-webap.lbl.gov/decatview.py/cand/DC21foo?rbtype=undefined
457,DC21fpb,https://decat-webap.lbl.gov/decatview.py/cand/DC21fpb?rbtype=undefined
458,DC21fpby,https://decat-webap.lbl.gov/decatview.py/cand/DC21fpby?rbtype=undefined
459,DC21fpi,https://decat-webap.lbl.gov/decatview.py/cand/DC21fpi?rbtype=undefined
460,DC21fpt,https://decat-webap.lbl.gov/decatview.py/cand/DC21fpt?rbtype=undefined
461,DC21fqf,https://decat-webap.lbl.gov/decatview.py/cand/DC21fqf?rbtype=undefined
462,DC21fqw,https://decat-webap.lbl.gov/decatview.py/cand/DC21fqw?rbtype=undefined
463,DC21fqx,https://decat-webap.lbl.gov/decatview.py/cand/DC21fqx?rbtype=undefined
464,DC21frdi,https://decat-webap.lbl.gov/decatview.py/cand/DC21frdi?rbtype=undefined
465,DC21frl,https://decat-webap.lbl.gov/decatview.py/cand/DC21frl?rbtype=undefined
466,DC21fru,https://decat-webap.lbl.gov/decatview.py/cand/DC21fru?rbtype=undefined
467,DC21frv,https://decat-webap.lbl.gov/decatview.py/cand/DC21frv?rbtype=undefined
468,DC21fs,https://decat-webap.lbl.gov/decatview.py/cand/DC21fs?rbtype=undefined
469,DC21fshy,https://decat-webap.lbl.gov/decatview.py/cand/DC21fshy?rbtype=undefined
470,DC21fspl,https://decat-webap.lbl.gov/decatview.py/cand/DC21fspl?rbtype=undefined
471,DC21fsv,https://decat-webap.lbl.gov/decatview.py/cand/DC21fsv?rbtype=undefined
472,DC21ftt,https://decat-webap.lbl.gov/decatview.py/cand/DC21ftt?rbtype=undefined
473,DC21ftta,https://decat-webap.lbl.gov/decatview.py/cand/DC21ftta?rbtype=undefined
474,DC21ftu,https://decat-webap.lbl.gov/decatview.py/cand/DC21ftu?rbtype=undefined
475,DC21fub,https://decat-webap.lbl.gov/decatview.py/cand/DC21fub?rbtype=undefined
476,DC21fug,https://decat-webap.lbl.gov/decatview.py/cand/DC21fug?rbtype=undefined
477,DC21fuj,https://decat-webap.lbl.gov/decatview.py/cand/DC21fuj?rbtype=undefined
478,DC21fup,https://decat-webap.lbl.gov/decatview.py/cand/DC21fup?rbtype=undefined
479,DC21fux,https://decat-webap.lbl.gov/decatview.py/cand/DC21fux?rbtype=undefined
480,DC21fvlq,https://decat-webap.lbl.gov/decatview.py/cand/DC21fvlq?rbtype=undefined
481,DC21fvp,https://decat-webap.lbl.gov/decatview.py/cand/DC21fvp?rbtype=undefined
482,DC21fwb,https://decat-webap.lbl.gov/decatview.py/cand/DC21fwb?rbtype=undefined
483,DC21fwbx,https://decat-webap.lbl.gov/decatview.py/cand/DC21fwbx?rbtype=undefined
484,DC21fwi,https://decat-webap.lbl.gov/decatview.py/cand/DC21fwi?rbtype=undefined
485,DC21fwx,https://decat-webap.lbl.gov/decatview.py/cand/DC21fwx?rbtype=undefined
486,DC21fxc,https://decat-webap.lbl.gov/decatview.py/cand/DC21fxc?rbtype=undefined
487,DC21fxf,https://decat-webap.lbl.gov/decatview.py/cand/DC21fxf?rbtype=undefined
488,DC21fxlu,https://decat-webap.lbl.gov/decatview.py/cand/DC21fxlu?rbtype=undefined
489,DC21fyh,https://decat-webap.lbl.gov/decatview.py/cand/DC21fyh?rbtype=undefined
490,DC21fyib,https://decat-webap.lbl.gov/decatview.py/cand/DC21fyib?rbtype=undefined
491,DC21fyj,https://decat-webap.lbl.gov/decatview.py/cand/DC21fyj?rbtype=undefined
492,DC21fyp,https://decat-webap.lbl.gov/decatview.py/cand/DC21fyp?rbtype=undefined
493,DC21fyz,https://decat-webap.lbl.gov/decatview.py/cand/DC21fyz?rbtype=undefined
494,DC21fzb,https://decat-webap.lbl.gov/decatview.py/cand/DC21fzb?rbtype=undefined
495,DC21fzc,https://decat-webap.lbl.gov/decatview.py/cand/DC21fzc?rbtype=undefined
496,DC21fzm,https://decat-webap.lbl.gov/decatview.py/cand/DC21fzm?rbtype=undefined
497,DC21fzq,https://decat-webap.lbl.gov/decatview.py/cand/DC21fzq?rbtype=undefined
498,DC21gae,https://decat-webap.lbl.gov/decatview.py/cand/DC21gae?rbtype=undefined
499,DC21gag,https://decat-webap.lbl.gov/decatview.py/cand/DC21gag?rbtype=undefined
500,DC21gal,https://decat-webap.lbl.gov/decatview.py/cand/DC21gal?rbtype=undefined
501,DC21gan,https://decat-webap.lbl.gov/decatview.py/cand/DC21gan?rbtype=undefined
502,DC21gay,https://decat-webap.lbl.gov/decatview.py/cand/DC21gay?rbtype=undefined
503,DC21gb,https://decat-webap.lbl.gov/decatview.py/cand/DC21gb?rbtype=undefined
504,DC21gbe,https://decat-webap.lbl.gov/decatview.py/cand/DC21gbe?rbtype=undefined
505,DC21gcb,https://decat-webap.lbl.gov/decatview.py/cand/DC21gcb?rbtype=undefined
506,DC21gcrz,https://decat-webap.lbl.gov/decatview.py/cand/DC21gcrz?rbtype=undefined
507,DC21gdam,https://decat-webap.lbl.gov/decatview.py/cand/DC21gdam?rbtype=undefined
508,DC21gdp,https://decat-webap.lbl.gov/decatview.py/cand/DC21gdp?rbtype=undefined
509,DC21gdv,https://decat-webap.lbl.gov/decatview.py/cand/DC21gdv?rbtype=undefined
510,DC21gea,https://decat-webap.lbl.gov/decatview.py/cand/DC21gea?rbtype=undefined
511,DC21gem,https://decat-webap.lbl.gov/decatview.py/cand/DC21gem?rbtype=undefined
512,DC21gesp,https://decat-webap.lbl.gov/decatview.py/cand/DC21gesp?rbtype=undefined
513,DC21gf,https://decat-webap.lbl.gov/decatview.py/cand/DC21gf?rbtype=undefined
514,DC21gfk,https://decat-webap.lbl.gov/decatview.py/cand/DC21gfk?rbtype=undefined
515,DC21gfp,https://decat-webap.lbl.gov/decatview.py/cand/DC21gfp?rbtype=undefined
516,DC21ggh,https://decat-webap.lbl.gov/decatview.py/cand/DC21ggh?rbtype=undefined
517,DC21ggk,https://decat-webap.lbl.gov/decatview.py/cand/DC21ggk?rbtype=undefined
518,DC21ghp,https://decat-webap.lbl.gov/decatview.py/cand/DC21ghp?rbtype=undefined
519,DC21ghq,https://decat-webap.lbl.gov/decatview.py/cand/DC21ghq?rbtype=undefined
520,DC21ghw,https://decat-webap.lbl.gov/decatview.py/cand/DC21ghw?rbtype=undefined
521,DC21gip,https://decat-webap.lbl.gov/decatview.py/cand/DC21gip?rbtype=undefined
522,DC21gir,https://decat-webap.lbl.gov/decatview.py/cand/DC21gir?rbtype=undefined
523,DC21giz,https://decat-webap.lbl.gov/decatview.py/cand/DC21giz?rbtype=undefined
524,DC21gjpm,https://decat-webap.lbl.gov/decatview.py/cand/DC21gjpm?rbtype=undefined
525,DC21gjr,https://decat-webap.lbl.gov/decatview.py/cand/DC21gjr?rbtype=undefined
526,DC21gkf,https://decat-webap.lbl.gov/decatview.py/cand/DC21gkf?rbtype=undefined
527,DC21gkfd,https://decat-webap.lbl.gov/decatview.py/cand/DC21gkfd?rbtype=undefined
528,DC21gkj,https://decat-webap.lbl.gov/decatview.py/cand/DC21gkj?rbtype=undefined
529,DC21gku,https://decat-webap.lbl.gov/decatview.py/cand/DC21gku?rbtype=undefined
530,DC21gle,https://decat-webap.lbl.gov/decatview.py/cand/DC21gle?rbtype=undefined
531,DC21glil,https://decat-webap.lbl.gov/decatview.py/cand/DC21glil?rbtype=undefined
532,DC21gmf,https://decat-webap.lbl.gov/decatview.py/cand/DC21gmf?rbtype=undefined
533,DC21gmlh,https://decat-webap.lbl.gov/decatview.py/cand/DC21gmlh?rbtype=undefined
534,DC21gnv,https://decat-webap.lbl.gov/decatview.py/cand/DC21gnv?rbtype=undefined
535,DC21goc,https://decat-webap.lbl.gov/decatview.py/cand/DC21goc?rbtype=undefined
536,DC21gocx,https://decat-webap.lbl.gov/decatview.py/cand/DC21gocx?rbtype=undefined
537,DC21gov,https://decat-webap.lbl.gov/decatview.py/cand/DC21gov?rbtype=undefined
538,DC21gpa,https://decat-webap.lbl.gov/decatview.py/cand/DC21gpa?rbtype=undefined
539,DC21gpb,https://decat-webap.lbl.gov/decatview.py/cand/DC21gpb?rbtype=undefined
540,DC21gpjj,https://decat-webap.lbl.gov/decatview.py/cand/DC21gpjj?rbtype=undefined
541,DC21gpk,https://decat-webap.lbl.gov/decatview.py/cand/DC21gpk?rbtype=undefined
542,DC21gqd,https://decat-webap.lbl.gov/decatview.py/cand/DC21gqd?rbtype=undefined
543,DC21gqdp,https://decat-webap.lbl.gov/decatview.py/cand/DC21gqdp?rbtype=undefined
544,DC21gqm,https://decat-webap.lbl.gov/decatview.py/cand/DC21gqm?rbtype=undefined
545,DC21gqqy,https://decat-webap.lbl.gov/decatview.py/cand/DC21gqqy?rbtype=undefined
546,DC21gqs,https://decat-webap.lbl.gov/decatview.py/cand/DC21gqs?rbtype=undefined
547,DC21gqt,https://decat-webap.lbl.gov/decatview.py/cand/DC21gqt?rbtype=undefined
548,DC21gqx,https://decat-webap.lbl.gov/decatview.py/cand/DC21gqx?rbtype=undefined
549,DC21gra,https://decat-webap.lbl.gov/decatview.py/cand/DC21gra?rbtype=undefined
550,DC21grc,https://decat-webap.lbl.gov/decatview.py/cand/DC21grc?rbtype=undefined
551,DC21grkp,https://decat-webap.lbl.gov/decatview.py/cand/DC21grkp?rbtype=undefined
552,DC21grl,https://decat-webap.lbl.gov/decatview.py/cand/DC21grl?rbtype=undefined
553,DC21grr,https://decat-webap.lbl.gov/decatview.py/cand/DC21grr?rbtype=undefined
554,DC21grzy,https://decat-webap.lbl.gov/decatview.py/cand/DC21grzy?rbtype=undefined
555,DC21gsbq,https://decat-webap.lbl.gov/decatview.py/cand/DC21gsbq?rbtype=undefined
556,DC21gsf,https://decat-webap.lbl.gov/decatview.py/cand/DC21gsf?rbtype=undefined
557,DC21gsn,https://decat-webap.lbl.gov/decatview.py/cand/DC21gsn?rbtype=undefined
558,DC21gta,https://decat-webap.lbl.gov/decatview.py/cand/DC21gta?rbtype=undefined
559,DC21gte,https://decat-webap.lbl.gov/decatview.py/cand/DC21gte?rbtype=undefined
560,DC21gtg,https://decat-webap.lbl.gov/decatview.py/cand/DC21gtg?rbtype=undefined
561,DC21gud,https://decat-webap.lbl.gov/decatview.py/cand/DC21gud?rbtype=undefined
562,DC21gue,https://decat-webap.lbl.gov/decatview.py/cand/DC21gue?rbtype=undefined
563,DC21gul,https://decat-webap.lbl.gov/decatview.py/cand/DC21gul?rbtype=undefined
564,DC21gv,https://decat-webap.lbl.gov/decatview.py/cand/DC21gv?rbtype=undefined
565,DC21gvjv,https://decat-webap.lbl.gov/decatview.py/cand/DC21gvjv?rbtype=undefined
566,DC21gvs,https://decat-webap.lbl.gov/decatview.py/cand/DC21gvs?rbtype=undefined
567,DC21gvz,https://decat-webap.lbl.gov/decatview.py/cand/DC21gvz?rbtype=undefined
568,DC21gw,https://decat-webap.lbl.gov/decatview.py/cand/DC21gw?rbtype=undefined
569,DC21gwa,https://decat-webap.lbl.gov/decatview.py/cand/DC21gwa?rbtype=undefined
570,DC21gwo,https://decat-webap.lbl.gov/decatview.py/cand/DC21gwo?rbtype=undefined
571,DC21gxr,https://decat-webap.lbl.gov/decatview.py/cand/DC21gxr?rbtype=undefined
572,DC21gyd,https://decat-webap.lbl.gov/decatview.py/cand/DC21gyd?rbtype=undefined
573,DC21gye,https://decat-webap.lbl.gov/decatview.py/cand/DC21gye?rbtype=undefined
574,DC21gypc,https://decat-webap.lbl.gov/decatview.py/cand/DC21gypc?rbtype=undefined
575,DC21gzj,https://decat-webap.lbl.gov/decatview.py/cand/DC21gzj?rbtype=undefined
576,DC21gzky,https://decat-webap.lbl.gov/decatview.py/cand/DC21gzky?rbtype=undefined
577,DC21h,https://decat-webap.lbl.gov/decatview.py/cand/DC21h?rbtype=undefined
578,DC21haa,https://decat-webap.lbl.gov/decatview.py/cand/DC21haa?rbtype=undefined
579,DC21hbb,https://decat-webap.lbl.gov/decatview.py/cand/DC21hbb?rbtype=undefined
580,DC21hbp,https://decat-webap.lbl.gov/decatview.py/cand/DC21hbp?rbtype=undefined
581,DC21hcb,https://decat-webap.lbl.gov/decatview.py/cand/DC21hcb?rbtype=undefined
582,DC21hdqz,https://decat-webap.lbl.gov/decatview.py/cand/DC21hdqz?rbtype=undefined
583,DC21he,https://decat-webap.lbl.gov/decatview.py/cand/DC21he?rbtype=undefined
584,DC21hex,https://decat-webap.lbl.gov/decatview.py/cand/DC21hex?rbtype=undefined
585,DC21hff,https://decat-webap.lbl.gov/decatview.py/cand/DC21hff?rbtype=undefined
586,DC21hfi,https://decat-webap.lbl.gov/decatview.py/cand/DC21hfi?rbtype=undefined
587,DC21hfk,https://decat-webap.lbl.gov/decatview.py/cand/DC21hfk?rbtype=undefined
588,DC21hgq,https://decat-webap.lbl.gov/decatview.py/cand/DC21hgq?rbtype=undefined
589,DC21hgr,https://decat-webap.lbl.gov/decatview.py/cand/DC21hgr?rbtype=undefined
590,DC21hgy,https://decat-webap.lbl.gov/decatview.py/cand/DC21hgy?rbtype=undefined
591,DC21hhd,https://decat-webap.lbl.gov/decatview.py/cand/DC21hhd?rbtype=undefined
592,DC21hht,https://decat-webap.lbl.gov/decatview.py/cand/DC21hht?rbtype=undefined
593,DC21hib,https://decat-webap.lbl.gov/decatview.py/cand/DC21hib?rbtype=undefined
594,DC21hig,https://decat-webap.lbl.gov/decatview.py/cand/DC21hig?rbtype=undefined
595,DC21hii,https://decat-webap.lbl.gov/decatview.py/cand/DC21hii?rbtype=undefined
596,DC21his,https://decat-webap.lbl.gov/decatview.py/cand/DC21his?rbtype=undefined
597,DC21hj,https://decat-webap.lbl.gov/decatview.py/cand/DC21hj?rbtype=undefined
598,DC21hjb,https://decat-webap.lbl.gov/decatview.py/cand/DC21hjb?rbtype=undefined
599,DC21hjd,https://decat-webap.lbl.gov/decatview.py/cand/DC21hjd?rbtype=undefined
600,DC21hjj,https://decat-webap.lbl.gov/decatview.py/cand/DC21hjj?rbtype=undefined
601,DC21hke,https://decat-webap.lbl.gov/decatview.py/cand/DC21hke?rbtype=undefined
602,DC21hlb,https://decat-webap.lbl.gov/decatview.py/cand/DC21hlb?rbtype=undefined
603,DC21hnh,https://decat-webap.lbl.gov/decatview.py/cand/DC21hnh?rbtype=undefined
604,DC21hnk,https://decat-webap.lbl.gov/decatview.py/cand/DC21hnk?rbtype=undefined
605,DC21hnz,https://decat-webap.lbl.gov/decatview.py/cand/DC21hnz?rbtype=undefined
606,DC21hol,https://decat-webap.lbl.gov/decatview.py/cand/DC21hol?rbtype=undefined
607,DC21hph,https://decat-webap.lbl.gov/decatview.py/cand/DC21hph?rbtype=undefined
608,DC21hpp,https://decat-webap.lbl.gov/decatview.py/cand/DC21hpp?rbtype=undefined
609,DC21hpv,https://decat-webap.lbl.gov/decatview.py/cand/DC21hpv?rbtype=undefined
610,DC21hqg,https://decat-webap.lbl.gov/decatview.py/cand/DC21hqg?rbtype=undefined
611,DC21hqk,https://decat-webap.lbl.gov/decatview.py/cand/DC21hqk?rbtype=undefined
612,DC21hqu,https://decat-webap.lbl.gov/decatview.py/cand/DC21hqu?rbtype=undefined
613,DC21hrb,https://decat-webap.lbl.gov/decatview.py/cand/DC21hrb?rbtype=undefined
614,DC21hrf,https://decat-webap.lbl.gov/decatview.py/cand/DC21hrf?rbtype=undefined
615,DC21hrp,https://decat-webap.lbl.gov/decatview.py/cand/DC21hrp?rbtype=undefined
616,DC21hrzq,https://decat-webap.lbl.gov/decatview.py/cand/DC21hrzq?rbtype=undefined
617,DC21hsg,https://decat-webap.lbl.gov/decatview.py/cand/DC21hsg?rbtype=undefined
618,DC21hsm,https://decat-webap.lbl.gov/decatview.py/cand/DC21hsm?rbtype=undefined
619,DC21hsx,https://decat-webap.lbl.gov/decatview.py/cand/DC21hsx?rbtype=undefined
620,DC21htj,https://decat-webap.lbl.gov/decatview.py/cand/DC21htj?rbtype=undefined
621,DC21htm,https://decat-webap.lbl.gov/decatview.py/cand/DC21htm?rbtype=undefined
622,DC21htp,https://decat-webap.lbl.gov/decatview.py/cand/DC21htp?rbtype=undefined
623,DC21hty,https://decat-webap.lbl.gov/decatview.py/cand/DC21hty?rbtype=undefined
624,DC21hu,https://decat-webap.lbl.gov/decatview.py/cand/DC21hu?rbtype=undefined
625,DC21hvf,https://decat-webap.lbl.gov/decatview.py/cand/DC21hvf?rbtype=undefined
626,DC21hvk,https://decat-webap.lbl.gov/decatview.py/cand/DC21hvk?rbtype=undefined
627,DC21hvu,https://decat-webap.lbl.gov/decatview.py/cand/DC21hvu?rbtype=undefined
628,DC21hwb,https://decat-webap.lbl.gov/decatview.py/cand/DC21hwb?rbtype=undefined
629,DC21hww,https://decat-webap.lbl.gov/decatview.py/cand/DC21hww?rbtype=undefined
630,DC21hxd,https://decat-webap.lbl.gov/decatview.py/cand/DC21hxd?rbtype=undefined
631,DC21hxj,https://decat-webap.lbl.gov/decatview.py/cand/DC21hxj?rbtype=undefined
632,DC21hxq,https://decat-webap.lbl.gov/decatview.py/cand/DC21hxq?rbtype=undefined
633,DC21hxxu,https://decat-webap.lbl.gov/decatview.py/cand/DC21hxxu?rbtype=undefined
634,DC21iaf,https://decat-webap.lbl.gov/decatview.py/cand/DC21iaf?rbtype=undefined
635,DC21iar,https://decat-webap.lbl.gov/decatview.py/cand/DC21iar?rbtype=undefined
636,DC21ibh,https://decat-webap.lbl.gov/decatview.py/cand/DC21ibh?rbtype=undefined
637,DC21ibl,https://decat-webap.lbl.gov/decatview.py/cand/DC21ibl?rbtype=undefined
638,DC21icu,https://decat-webap.lbl.gov/decatview.py/cand/DC21icu?rbtype=undefined
639,DC21icy,https://decat-webap.lbl.gov/decatview.py/cand/DC21icy?rbtype=undefined
640,DC21idy,https://decat-webap.lbl.gov/decatview.py/cand/DC21idy?rbtype=undefined
641,DC21iea,https://decat-webap.lbl.gov/decatview.py/cand/DC21iea?rbtype=undefined
642,DC21ied,https://decat-webap.lbl.gov/decatview.py/cand/DC21ied?rbtype=undefined
643,DC21iej,https://decat-webap.lbl.gov/decatview.py/cand/DC21iej?rbtype=undefined
644,DC21iet,https://decat-webap.lbl.gov/decatview.py/cand/DC21iet?rbtype=undefined
645,DC21ifkz,https://decat-webap.lbl.gov/decatview.py/cand/DC21ifkz?rbtype=undefined
646,DC21igg,https://decat-webap.lbl.gov/decatview.py/cand/DC21igg?rbtype=undefined
647,DC21igo,https://decat-webap.lbl.gov/decatview.py/cand/DC21igo?rbtype=undefined
648,DC21igp,https://decat-webap.lbl.gov/decatview.py/cand/DC21igp?rbtype=undefined
649,DC21igs,https://decat-webap.lbl.gov/decatview.py/cand/DC21igs?rbtype=undefined
650,DC21ihh,https://decat-webap.lbl.gov/decatview.py/cand/DC21ihh?rbtype=undefined
651,DC21ihu,https://decat-webap.lbl.gov/decatview.py/cand/DC21ihu?rbtype=undefined
652,DC21iif,https://decat-webap.lbl.gov/decatview.py/cand/DC21iif?rbtype=undefined
653,DC21iij,https://decat-webap.lbl.gov/decatview.py/cand/DC21iij?rbtype=undefined
654,DC21iil,https://decat-webap.lbl.gov/decatview.py/cand/DC21iil?rbtype=undefined
655,DC21iix,https://decat-webap.lbl.gov/decatview.py/cand/DC21iix?rbtype=undefined
656,DC21ijp,https://decat-webap.lbl.gov/decatview.py/cand/DC21ijp?rbtype=undefined
657,DC21ikq,https://decat-webap.lbl.gov/decatview.py/cand/DC21ikq?rbtype=undefined
658,DC21iky,https://decat-webap.lbl.gov/decatview.py/cand/DC21iky?rbtype=undefined
659,DC21ile,https://decat-webap.lbl.gov/decatview.py/cand/DC21ile?rbtype=undefined
660,DC21ilgm,https://decat-webap.lbl.gov/decatview.py/cand/DC21ilgm?rbtype=undefined
661,DC21ioo,https://decat-webap.lbl.gov/decatview.py/cand/DC21ioo?rbtype=undefined
662,DC21ip,https://decat-webap.lbl.gov/decatview.py/cand/DC21ip?rbtype=undefined
663,DC21iqk,https://decat-webap.lbl.gov/decatview.py/cand/DC21iqk?rbtype=undefined
664,DC21isd,https://decat-webap.lbl.gov/decatview.py/cand/DC21isd?rbtype=undefined
665,DC21isx,https://decat-webap.lbl.gov/decatview.py/cand/DC21isx?rbtype=undefined
666,DC21ith,https://decat-webap.lbl.gov/decatview.py/cand/DC21ith?rbtype=undefined
667,DC21ivb,https://decat-webap.lbl.gov/decatview.py/cand/DC21ivb?rbtype=undefined
668,DC21iwl,https://decat-webap.lbl.gov/decatview.py/cand/DC21iwl?rbtype=undefined
669,DC21iwr,https://decat-webap.lbl.gov/decatview.py/cand/DC21iwr?rbtype=undefined
670,DC21ixr,https://decat-webap.lbl.gov/decatview.py/cand/DC21ixr?rbtype=undefined
671,DC21ixu,https://decat-webap.lbl.gov/decatview.py/cand/DC21ixu?rbtype=undefined
672,DC21ixx,https://decat-webap.lbl.gov/decatview.py/cand/DC21ixx?rbtype=undefined
673,DC21ixy,https://decat-webap.lbl.gov/decatview.py/cand/DC21ixy?rbtype=undefined
674,DC21iya,https://decat-webap.lbl.gov/decatview.py/cand/DC21iya?rbtype=undefined
675,DC21iyt,https://decat-webap.lbl.gov/decatview.py/cand/DC21iyt?rbtype=undefined
676,DC21izk,https://decat-webap.lbl.gov/decatview.py/cand/DC21izk?rbtype=undefined
677,DC21jak,https://decat-webap.lbl.gov/decatview.py/cand/DC21jak?rbtype=undefined
678,DC21jal,https://decat-webap.lbl.gov/decatview.py/cand/DC21jal?rbtype=undefined
679,DC21jatb,https://decat-webap.lbl.gov/decatview.py/cand/DC21jatb?rbtype=undefined
680,DC21jba,https://decat-webap.lbl.gov/decatview.py/cand/DC21jba?rbtype=undefined
681,DC21jbb,https://decat-webap.lbl.gov/decatview.py/cand/DC21jbb?rbtype=undefined
682,DC21jbc,https://decat-webap.lbl.gov/decatview.py/cand/DC21jbc?rbtype=undefined
683,DC21jbp,https://decat-webap.lbl.gov/decatview.py/cand/DC21jbp?rbtype=undefined
684,DC21jcks,https://decat-webap.lbl.gov/decatview.py/cand/DC21jcks?rbtype=undefined
685,DC21jco,https://decat-webap.lbl.gov/decatview.py/cand/DC21jco?rbtype=undefined
686,DC21jcp,https://decat-webap.lbl.gov/decatview.py/cand/DC21jcp?rbtype=undefined
687,DC21jct,https://decat-webap.lbl.gov/decatview.py/cand/DC21jct?rbtype=undefined
688,DC21jcv,https://decat-webap.lbl.gov/decatview.py/cand/DC21jcv?rbtype=undefined
689,DC21jdt,https://decat-webap.lbl.gov/decatview.py/cand/DC21jdt?rbtype=undefined
690,DC21jdy,https://decat-webap.lbl.gov/decatview.py/cand/DC21jdy?rbtype=undefined
691,DC21jem,https://decat-webap.lbl.gov/decatview.py/cand/DC21jem?rbtype=undefined
692,DC21jet,https://decat-webap.lbl.gov/decatview.py/cand/DC21jet?rbtype=undefined
693,DC21jeu,https://decat-webap.lbl.gov/decatview.py/cand/DC21jeu?rbtype=undefined
694,DC21jf,https://decat-webap.lbl.gov/decatview.py/cand/DC21jf?rbtype=undefined
695,DC21jfo,https://decat-webap.lbl.gov/decatview.py/cand/DC21jfo?rbtype=undefined
696,DC21jfp,https://decat-webap.lbl.gov/decatview.py/cand/DC21jfp?rbtype=undefined
697,DC21jfs,https://decat-webap.lbl.gov/decatview.py/cand/DC21jfs?rbtype=undefined
698,DC21jgb,https://decat-webap.lbl.gov/decatview.py/cand/DC21jgb?rbtype=undefined
699,DC21jh,https://decat-webap.lbl.gov/decatview.py/cand/DC21jh?rbtype=undefined
700,DC21jhx,https://decat-webap.lbl.gov/decatview.py/cand/DC21jhx?rbtype=undefined
701,DC21jhy,https://decat-webap.lbl.gov/decatview.py/cand/DC21jhy?rbtype=undefined
702,DC21jil,https://decat-webap.lbl.gov/decatview.py/cand/DC21jil?rbtype=undefined
703,DC21jip,https://decat-webap.lbl.gov/decatview.py/cand/DC21jip?rbtype=undefined
704,DC21jja,https://decat-webap.lbl.gov/decatview.py/cand/DC21jja?rbtype=undefined
705,DC21jjl,https://decat-webap.lbl.gov/decatview.py/cand/DC21jjl?rbtype=undefined
706,DC21jjn,https://decat-webap.lbl.gov/decatview.py/cand/DC21jjn?rbtype=undefined
707,DC21jke,https://decat-webap.lbl.gov/decatview.py/cand/DC21jke?rbtype=undefined
708,DC21jl,https://decat-webap.lbl.gov/decatview.py/cand/DC21jl?rbtype=undefined
709,DC21jlb,https://decat-webap.lbl.gov/decatview.py/cand/DC21jlb?rbtype=undefined
710,DC21jlf,https://decat-webap.lbl.gov/decatview.py/cand/DC21jlf?rbtype=undefined
711,DC21jlj,https://decat-webap.lbl.gov/decatview.py/cand/DC21jlj?rbtype=undefined
712,DC21jlv,https://decat-webap.lbl.gov/decatview.py/cand/DC21jlv?rbtype=undefined
713,DC21jme,https://decat-webap.lbl.gov/decatview.py/cand/DC21jme?rbtype=undefined
714,DC21jmv,https://decat-webap.lbl.gov/decatview.py/cand/DC21jmv?rbtype=undefined
715,DC21jmz,https://decat-webap.lbl.gov/decatview.py/cand/DC21jmz?rbtype=undefined
716,DC21jnj,https://decat-webap.lbl.gov/decatview.py/cand/DC21jnj?rbtype=undefined
717,DC21jns,https://decat-webap.lbl.gov/decatview.py/cand/DC21jns?rbtype=undefined
718,DC21jnu,https://decat-webap.lbl.gov/decatview.py/cand/DC21jnu?rbtype=undefined
719,DC21jnv,https://decat-webap.lbl.gov/decatview.py/cand/DC21jnv?rbtype=undefined
720,DC21jnx,https://decat-webap.lbl.gov/decatview.py/cand/DC21jnx?rbtype=undefined
721,DC21jol,https://decat-webap.lbl.gov/decatview.py/cand/DC21jol?rbtype=undefined
722,DC21jow,https://decat-webap.lbl.gov/decatview.py/cand/DC21jow?rbtype=undefined
723,DC21joz,https://decat-webap.lbl.gov/decatview.py/cand/DC21joz?rbtype=undefined
724,DC21jpn,https://decat-webap.lbl.gov/decatview.py/cand/DC21jpn?rbtype=undefined
725,DC21jpr,https://decat-webap.lbl.gov/decatview.py/cand/DC21jpr?rbtype=undefined
726,DC21jq,https://decat-webap.lbl.gov/decatview.py/cand/DC21jq?rbtype=undefined
727,DC21jrf,https://decat-webap.lbl.gov/decatview.py/cand/DC21jrf?rbtype=undefined
728,DC21jrz,https://decat-webap.lbl.gov/decatview.py/cand/DC21jrz?rbtype=undefined
729,DC21jss,https://decat-webap.lbl.gov/decatview.py/cand/DC21jss?rbtype=undefined
730,DC21jsu,https://decat-webap.lbl.gov/decatview.py/cand/DC21jsu?rbtype=undefined
731,DC21jtl,https://decat-webap.lbl.gov/decatview.py/cand/DC21jtl?rbtype=undefined
732,DC21jtr,https://decat-webap.lbl.gov/decatview.py/cand/DC21jtr?rbtype=undefined
733,DC21jua,https://decat-webap.lbl.gov/decatview.py/cand/DC21jua?rbtype=undefined
734,DC21jue,https://decat-webap.lbl.gov/decatview.py/cand/DC21jue?rbtype=undefined
735,DC21jul,https://decat-webap.lbl.gov/decatview.py/cand/DC21jul?rbtype=undefined
736,DC21jvh,https://decat-webap.lbl.gov/decatview.py/cand/DC21jvh?rbtype=undefined
737,DC21jvm,https://decat-webap.lbl.gov/decatview.py/cand/DC21jvm?rbtype=undefined
738,DC21jxs,https://decat-webap.lbl.gov/decatview.py/cand/DC21jxs?rbtype=undefined
739,DC21jyh,https://decat-webap.lbl.gov/decatview.py/cand/DC21jyh?rbtype=undefined
740,DC21jzc,https://decat-webap.lbl.gov/decatview.py/cand/DC21jzc?rbtype=undefined
741,DC21jzk,https://decat-webap.lbl.gov/decatview.py/cand/DC21jzk?rbtype=undefined
742,DC21jzom,https://decat-webap.lbl.gov/decatview.py/cand/DC21jzom?rbtype=undefined
743,DC21jzs,https://decat-webap.lbl.gov/decatview.py/cand/DC21jzs?rbtype=undefined
744,DC21ka,https://decat-webap.lbl.gov/decatview.py/cand/DC21ka?rbtype=undefined
745,DC21kaz,https://decat-webap.lbl.gov/decatview.py/cand/DC21kaz?rbtype=undefined
746,DC21kbf,https://decat-webap.lbl.gov/decatview.py/cand/DC21kbf?rbtype=undefined
747,DC21kbr,https://decat-webap.lbl.gov/decatview.py/cand/DC21kbr?rbtype=undefined
748,DC21kbw,https://decat-webap.lbl.gov/decatview.py/cand/DC21kbw?rbtype=undefined
749,DC21kci,https://decat-webap.lbl.gov/decatview.py/cand/DC21kci?rbtype=undefined
750,DC21kcl,https://decat-webap.lbl.gov/decatview.py/cand/DC21kcl?rbtype=undefined
751,DC21kcq,https://decat-webap.lbl.gov/decatview.py/cand/DC21kcq?rbtype=undefined
752,DC21ker,https://decat-webap.lbl.gov/decatview.py/cand/DC21ker?rbtype=undefined
753,DC21kgb,https://decat-webap.lbl.gov/decatview.py/cand/DC21kgb?rbtype=undefined
754,DC21kgh,https://decat-webap.lbl.gov/decatview.py/cand/DC21kgh?rbtype=undefined
755,DC21kgu,https://decat-webap.lbl.gov/decatview.py/cand/DC21kgu?rbtype=undefined
756,DC21khi,https://decat-webap.lbl.gov/decatview.py/cand/DC21khi?rbtype=undefined
757,DC21khp,https://decat-webap.lbl.gov/decatview.py/cand/DC21khp?rbtype=undefined
758,DC21khs,https://decat-webap.lbl.gov/decatview.py/cand/DC21khs?rbtype=undefined
759,DC21kii,https://decat-webap.lbl.gov/decatview.py/cand/DC21kii?rbtype=undefined
760,DC21kjv,https://decat-webap.lbl.gov/decatview.py/cand/DC21kjv?rbtype=undefined
761,DC21kk,https://decat-webap.lbl.gov/decatview.py/cand/DC21kk?rbtype=undefined
762,DC21kkg,https://decat-webap.lbl.gov/decatview.py/cand/DC21kkg?rbtype=undefined
763,DC21kki,https://decat-webap.lbl.gov/decatview.py/cand/DC21kki?rbtype=undefined
764,DC21kkn,https://decat-webap.lbl.gov/decatview.py/cand/DC21kkn?rbtype=undefined
765,DC21kkt,https://decat-webap.lbl.gov/decatview.py/cand/DC21kkt?rbtype=undefined
766,DC21kkv,https://decat-webap.lbl.gov/decatview.py/cand/DC21kkv?rbtype=undefined
767,DC21kkvm,https://decat-webap.lbl.gov/decatview.py/cand/DC21kkvm?rbtype=undefined
768,DC21kkw,https://decat-webap.lbl.gov/decatview.py/cand/DC21kkw?rbtype=undefined
769,DC21kkxy,https://decat-webap.lbl.gov/decatview.py/cand/DC21kkxy?rbtype=undefined
770,DC21kla,https://decat-webap.lbl.gov/decatview.py/cand/DC21kla?rbtype=undefined
771,DC21klix,https://decat-webap.lbl.gov/decatview.py/cand/DC21klix?rbtype=undefined
772,DC21kljb,https://decat-webap.lbl.gov/decatview.py/cand/DC21kljb?rbtype=undefined
773,DC21klt,https://decat-webap.lbl.gov/decatview.py/cand/DC21klt?rbtype=undefined
774,DC21klu,https://decat-webap.lbl.gov/decatview.py/cand/DC21klu?rbtype=undefined
775,DC21kma,https://decat-webap.lbl.gov/decatview.py/cand/DC21kma?rbtype=undefined
776,DC21kme,https://decat-webap.lbl.gov/decatview.py/cand/DC21kme?rbtype=undefined
777,DC21kncf,https://decat-webap.lbl.gov/decatview.py/cand/DC21kncf?rbtype=undefined
778,DC21kno,https://decat-webap.lbl.gov/decatview.py/cand/DC21kno?rbtype=undefined
779,DC21kns,https://decat-webap.lbl.gov/decatview.py/cand/DC21kns?rbtype=undefined
780,DC21knwc,https://decat-webap.lbl.gov/decatview.py/cand/DC21knwc?rbtype=undefined
781,DC21kog,https://decat-webap.lbl.gov/decatview.py/cand/DC21kog?rbtype=undefined
782,DC21kor,https://decat-webap.lbl.gov/decatview.py/cand/DC21kor?rbtype=undefined
783,DC21kot,https://decat-webap.lbl.gov/decatview.py/cand/DC21kot?rbtype=undefined
784,DC21kou,https://decat-webap.lbl.gov/decatview.py/cand/DC21kou?rbtype=undefined
785,DC21kpn,https://decat-webap.lbl.gov/decatview.py/cand/DC21kpn?rbtype=undefined
786,DC21kpnu,https://decat-webap.lbl.gov/decatview.py/cand/DC21kpnu?rbtype=undefined
787,DC21kpr,https://decat-webap.lbl.gov/decatview.py/cand/DC21kpr?rbtype=undefined
788,DC21kptg,https://decat-webap.lbl.gov/decatview.py/cand/DC21kptg?rbtype=undefined
789,DC21kqf,https://decat-webap.lbl.gov/decatview.py/cand/DC21kqf?rbtype=undefined
790,DC21kqfo,https://decat-webap.lbl.gov/decatview.py/cand/DC21kqfo?rbtype=undefined
791,DC21kqn,https://decat-webap.lbl.gov/decatview.py/cand/DC21kqn?rbtype=undefined
792,DC21kqnv,https://decat-webap.lbl.gov/decatview.py/cand/DC21kqnv?rbtype=undefined
793,DC21kqps,https://decat-webap.lbl.gov/decatview.py/cand/DC21kqps?rbtype=undefined
794,DC21kqtp,https://decat-webap.lbl.gov/decatview.py/cand/DC21kqtp?rbtype=undefined
795,DC21kqx,https://decat-webap.lbl.gov/decatview.py/cand/DC21kqx?rbtype=undefined
796,DC21kra,https://decat-webap.lbl.gov/decatview.py/cand/DC21kra?rbtype=undefined
797,DC21krf,https://decat-webap.lbl.gov/decatview.py/cand/DC21krf?rbtype=undefined
798,DC21kro,https://decat-webap.lbl.gov/decatview.py/cand/DC21kro?rbtype=undefined
799,DC21ksf,https://decat-webap.lbl.gov/decatview.py/cand/DC21ksf?rbtype=undefined
800,DC21ksl,https://decat-webap.lbl.gov/decatview.py/cand/DC21ksl?rbtype=undefined
801,DC21ksm,https://decat-webap.lbl.gov/decatview.py/cand/DC21ksm?rbtype=undefined
802,DC21ksu,https://decat-webap.lbl.gov/decatview.py/cand/DC21ksu?rbtype=undefined
803,DC21kszd,https://decat-webap.lbl.gov/decatview.py/cand/DC21kszd?rbtype=undefined
804,DC21ktxb,https://decat-webap.lbl.gov/decatview.py/cand/DC21ktxb?rbtype=undefined
805,DC21kuc,https://decat-webap.lbl.gov/decatview.py/cand/DC21kuc?rbtype=undefined
806,DC21kuci,https://decat-webap.lbl.gov/decatview.py/cand/DC21kuci?rbtype=undefined
807,DC21kuo,https://decat-webap.lbl.gov/decatview.py/cand/DC21kuo?rbtype=undefined
808,DC21kupn,https://decat-webap.lbl.gov/decatview.py/cand/DC21kupn?rbtype=undefined
809,DC21kur,https://decat-webap.lbl.gov/decatview.py/cand/DC21kur?rbtype=undefined
810,DC21kus,https://decat-webap.lbl.gov/decatview.py/cand/DC21kus?rbtype=undefined
811,DC21kvb,https://decat-webap.lbl.gov/decatview.py/cand/DC21kvb?rbtype=undefined
812,DC21kvd,https://decat-webap.lbl.gov/decatview.py/cand/DC21kvd?rbtype=undefined
813,DC21kvw,https://decat-webap.lbl.gov/decatview.py/cand/DC21kvw?rbtype=undefined
814,DC21kvzu,https://decat-webap.lbl.gov/decatview.py/cand/DC21kvzu?rbtype=undefined
815,DC21kwh,https://decat-webap.lbl.gov/decatview.py/cand/DC21kwh?rbtype=undefined
816,DC21kwj,https://decat-webap.lbl.gov/decatview.py/cand/DC21kwj?rbtype=undefined
817,DC21kwn,https://decat-webap.lbl.gov/decatview.py/cand/DC21kwn?rbtype=undefined
818,DC21kxbj,https://decat-webap.lbl.gov/decatview.py/cand/DC21kxbj?rbtype=undefined
819,DC21kz,https://decat-webap.lbl.gov/decatview.py/cand/DC21kz?rbtype=undefined
820,DC21kzi,https://decat-webap.lbl.gov/decatview.py/cand/DC21kzi?rbtype=undefined
821,DC21kzq,https://decat-webap.lbl.gov/decatview.py/cand/DC21kzq?rbtype=undefined
822,DC21lad,https://decat-webap.lbl.gov/decatview.py/cand/DC21lad?rbtype=undefined
823,DC21laoh,https://decat-webap.lbl.gov/decatview.py/cand/DC21laoh?rbtype=undefined
824,DC21laq,https://decat-webap.lbl.gov/decatview.py/cand/DC21laq?rbtype=undefined
825,DC21lbf,https://decat-webap.lbl.gov/decatview.py/cand/DC21lbf?rbtype=undefined
826,DC21lbj,https://decat-webap.lbl.gov/decatview.py/cand/DC21lbj?rbtype=undefined
827,DC21lcg,https://decat-webap.lbl.gov/decatview.py/cand/DC21lcg?rbtype=undefined
828,DC21ldg,https://decat-webap.lbl.gov/decatview.py/cand/DC21ldg?rbtype=undefined
829,DC21ldq,https://decat-webap.lbl.gov/decatview.py/cand/DC21ldq?rbtype=undefined
830,DC21lds,https://decat-webap.lbl.gov/decatview.py/cand/DC21lds?rbtype=undefined
831,DC21lec,https://decat-webap.lbl.gov/decatview.py/cand/DC21lec?rbtype=undefined
832,DC21leh,https://decat-webap.lbl.gov/decatview.py/cand/DC21leh?rbtype=undefined
833,DC21lei,https://decat-webap.lbl.gov/decatview.py/cand/DC21lei?rbtype=undefined
834,DC21leo,https://decat-webap.lbl.gov/decatview.py/cand/DC21leo?rbtype=undefined
835,DC21lf,https://decat-webap.lbl.gov/decatview.py/cand/DC21lf?rbtype=undefined
836,DC21lfg,https://decat-webap.lbl.gov/decatview.py/cand/DC21lfg?rbtype=undefined
837,DC21lfk,https://decat-webap.lbl.gov/decatview.py/cand/DC21lfk?rbtype=undefined
838,DC21lfu,https://decat-webap.lbl.gov/decatview.py/cand/DC21lfu?rbtype=undefined
839,DC21lg,https://decat-webap.lbl.gov/decatview.py/cand/DC21lg?rbtype=undefined
840,DC21lgk,https://decat-webap.lbl.gov/decatview.py/cand/DC21lgk?rbtype=undefined
841,DC21lhe,https://decat-webap.lbl.gov/decatview.py/cand/DC21lhe?rbtype=undefined
842,DC21lhy,https://decat-webap.lbl.gov/decatview.py/cand/DC21lhy?rbtype=undefined
843,DC21lim,https://decat-webap.lbl.gov/decatview.py/cand/DC21lim?rbtype=undefined
844,DC21lir,https://decat-webap.lbl.gov/decatview.py/cand/DC21lir?rbtype=undefined
845,DC21ljd,https://decat-webap.lbl.gov/decatview.py/cand/DC21ljd?rbtype=undefined
846,DC21ljj,https://decat-webap.lbl.gov/decatview.py/cand/DC21ljj?rbtype=undefined
847,DC21ljk,https://decat-webap.lbl.gov/decatview.py/cand/DC21ljk?rbtype=undefined
848,DC21ljy,https://decat-webap.lbl.gov/decatview.py/cand/DC21ljy?rbtype=undefined
849,DC21lku,https://decat-webap.lbl.gov/decatview.py/cand/DC21lku?rbtype=undefined
850,DC21lll,https://decat-webap.lbl.gov/decatview.py/cand/DC21lll?rbtype=undefined
851,DC21llr,https://decat-webap.lbl.gov/decatview.py/cand/DC21llr?rbtype=undefined
852,DC21llv,https://decat-webap.lbl.gov/decatview.py/cand/DC21llv?rbtype=undefined
853,DC21lmj,https://decat-webap.lbl.gov/decatview.py/cand/DC21lmj?rbtype=undefined
854,DC21lmo,https://decat-webap.lbl.gov/decatview.py/cand/DC21lmo?rbtype=undefined
855,DC21lmq,https://decat-webap.lbl.gov/decatview.py/cand/DC21lmq?rbtype=undefined
856,DC21lna,https://decat-webap.lbl.gov/decatview.py/cand/DC21lna?rbtype=undefined
857,DC21lnw,https://decat-webap.lbl.gov/decatview.py/cand/DC21lnw?rbtype=undefined
858,DC21lo,https://decat-webap.lbl.gov/decatview.py/cand/DC21lo?rbtype=undefined
859,DC21lof,https://decat-webap.lbl.gov/decatview.py/cand/DC21lof?rbtype=undefined
860,DC21lofw,https://decat-webap.lbl.gov/decatview.py/cand/DC21lofw?rbtype=undefined
861,DC21lpn,https://decat-webap.lbl.gov/decatview.py/cand/DC21lpn?rbtype=undefined
862,DC21lpw,https://decat-webap.lbl.gov/decatview.py/cand/DC21lpw?rbtype=undefined
863,DC21ltb,https://decat-webap.lbl.gov/decatview.py/cand/DC21ltb?rbtype=undefined
864,DC21lto,https://decat-webap.lbl.gov/decatview.py/cand/DC21lto?rbtype=undefined
865,DC21lual,https://decat-webap.lbl.gov/decatview.py/cand/DC21lual?rbtype=undefined
866,DC21lv,https://decat-webap.lbl.gov/decatview.py/cand/DC21lv?rbtype=undefined
867,DC21lvl,https://decat-webap.lbl.gov/decatview.py/cand/DC21lvl?rbtype=undefined
868,DC21lvm,https://decat-webap.lbl.gov/decatview.py/cand/DC21lvm?rbtype=undefined
869,DC21lvn,https://decat-webap.lbl.gov/decatview.py/cand/DC21lvn?rbtype=undefined
870,DC21lvy,https://decat-webap.lbl.gov/decatview.py/cand/DC21lvy?rbtype=undefined
871,DC21lxfv,https://decat-webap.lbl.gov/decatview.py/cand/DC21lxfv?rbtype=undefined
872,DC21lxw,https://decat-webap.lbl.gov/decatview.py/cand/DC21lxw?rbtype=undefined
873,DC21lyn,https://decat-webap.lbl.gov/decatview.py/cand/DC21lyn?rbtype=undefined
874,DC21lzr,https://decat-webap.lbl.gov/decatview.py/cand/DC21lzr?rbtype=undefined
875,DC21may,https://decat-webap.lbl.gov/decatview.py/cand/DC21may?rbtype=undefined
876,DC21mbk,https://decat-webap.lbl.gov/decatview.py/cand/DC21mbk?rbtype=undefined
877,DC21mcf,https://decat-webap.lbl.gov/decatview.py/cand/DC21mcf?rbtype=undefined
878,DC21mcg,https://decat-webap.lbl.gov/decatview.py/cand/DC21mcg?rbtype=undefined
879,DC21mcn,https://decat-webap.lbl.gov/decatview.py/cand/DC21mcn?rbtype=undefined
880,DC21mdc,https://decat-webap.lbl.gov/decatview.py/cand/DC21mdc?rbtype=undefined
881,DC21mev,https://decat-webap.lbl.gov/decatview.py/cand/DC21mev?rbtype=undefined
882,DC21mfe,https://decat-webap.lbl.gov/decatview.py/cand/DC21mfe?rbtype=undefined
883,DC21mfi,https://decat-webap.lbl.gov/decatview.py/cand/DC21mfi?rbtype=undefined
884,DC21mgb,https://decat-webap.lbl.gov/decatview.py/cand/DC21mgb?rbtype=undefined
885,DC21mgg,https://decat-webap.lbl.gov/decatview.py/cand/DC21mgg?rbtype=undefined
886,DC21mhf,https://decat-webap.lbl.gov/decatview.py/cand/DC21mhf?rbtype=undefined
887,DC21mhl,https://decat-webap.lbl.gov/decatview.py/cand/DC21mhl?rbtype=undefined
888,DC21mhn,https://decat-webap.lbl.gov/decatview.py/cand/DC21mhn?rbtype=undefined
889,DC21mhv,https://decat-webap.lbl.gov/decatview.py/cand/DC21mhv?rbtype=undefined
890,DC21mih,https://decat-webap.lbl.gov/decatview.py/cand/DC21mih?rbtype=undefined
891,DC21min,https://decat-webap.lbl.gov/decatview.py/cand/DC21min?rbtype=undefined
892,DC21mis,https://decat-webap.lbl.gov/decatview.py/cand/DC21mis?rbtype=undefined
893,DC21mjf,https://decat-webap.lbl.gov/decatview.py/cand/DC21mjf?rbtype=undefined
894,DC21mki,https://decat-webap.lbl.gov/decatview.py/cand/DC21mki?rbtype=undefined
895,DC21mks,https://decat-webap.lbl.gov/decatview.py/cand/DC21mks?rbtype=undefined
896,DC21mkw,https://decat-webap.lbl.gov/decatview.py/cand/DC21mkw?rbtype=undefined
897,DC21mli,https://decat-webap.lbl.gov/decatview.py/cand/DC21mli?rbtype=undefined
898,DC21mll,https://decat-webap.lbl.gov/decatview.py/cand/DC21mll?rbtype=undefined
899,DC21mln,https://decat-webap.lbl.gov/decatview.py/cand/DC21mln?rbtype=undefined
900,DC21mmb,https://decat-webap.lbl.gov/decatview.py/cand/DC21mmb?rbtype=undefined
901,DC21mmf,https://decat-webap.lbl.gov/decatview.py/cand/DC21mmf?rbtype=undefined
902,DC21mmo,https://decat-webap.lbl.gov/decatview.py/cand/DC21mmo?rbtype=undefined
903,DC21mms,https://decat-webap.lbl.gov/decatview.py/cand/DC21mms?rbtype=undefined
904,DC21mnd,https://decat-webap.lbl.gov/decatview.py/cand/DC21mnd?rbtype=undefined
905,DC21mnj,https://decat-webap.lbl.gov/decatview.py/cand/DC21mnj?rbtype=undefined
906,DC21mnp,https://decat-webap.lbl.gov/decatview.py/cand/DC21mnp?rbtype=undefined
907,DC21mnq,https://decat-webap.lbl.gov/decatview.py/cand/DC21mnq?rbtype=undefined
908,DC21mnv,https://decat-webap.lbl.gov/decatview.py/cand/DC21mnv?rbtype=undefined
909,DC21mnx,https://decat-webap.lbl.gov/decatview.py/cand/DC21mnx?rbtype=undefined
910,DC21moy,https://decat-webap.lbl.gov/decatview.py/cand/DC21moy?rbtype=undefined
911,DC21mpa,https://decat-webap.lbl.gov/decatview.py/cand/DC21mpa?rbtype=undefined
912,DC21mpb,https://decat-webap.lbl.gov/decatview.py/cand/DC21mpb?rbtype=undefined
913,DC21mpr,https://decat-webap.lbl.gov/decatview.py/cand/DC21mpr?rbtype=undefined
914,DC21mqb,https://decat-webap.lbl.gov/decatview.py/cand/DC21mqb?rbtype=undefined
915,DC21mro,https://decat-webap.lbl.gov/decatview.py/cand/DC21mro?rbtype=undefined
916,DC21ms,https://decat-webap.lbl.gov/decatview.py/cand/DC21ms?rbtype=undefined
917,DC21msc,https://decat-webap.lbl.gov/decatview.py/cand/DC21msc?rbtype=undefined
918,DC21msn,https://decat-webap.lbl.gov/decatview.py/cand/DC21msn?rbtype=undefined
919,DC21mte,https://decat-webap.lbl.gov/decatview.py/cand/DC21mte?rbtype=undefined
920,DC21mue,https://decat-webap.lbl.gov/decatview.py/cand/DC21mue?rbtype=undefined
921,DC21muy,https://decat-webap.lbl.gov/decatview.py/cand/DC21muy?rbtype=undefined
922,DC21mvt,https://decat-webap.lbl.gov/decatview.py/cand/DC21mvt?rbtype=undefined
923,DC21mvx,https://decat-webap.lbl.gov/decatview.py/cand/DC21mvx?rbtype=undefined
924,DC21mws,https://decat-webap.lbl.gov/decatview.py/cand/DC21mws?rbtype=undefined
925,DC21mx,https://decat-webap.lbl.gov/decatview.py/cand/DC21mx?rbtype=undefined
926,DC21mxa,https://decat-webap.lbl.gov/decatview.py/cand/DC21mxa?rbtype=undefined
927,DC21mxo,https://decat-webap.lbl.gov/decatview.py/cand/DC21mxo?rbtype=undefined
928,DC21mxs,https://decat-webap.lbl.gov/decatview.py/cand/DC21mxs?rbtype=undefined
929,DC21mxz,https://decat-webap.lbl.gov/decatview.py/cand/DC21mxz?rbtype=undefined
930,DC21myn,https://decat-webap.lbl.gov/decatview.py/cand/DC21myn?rbtype=undefined
931,DC21mzp,https://decat-webap.lbl.gov/decatview.py/cand/DC21mzp?rbtype=undefined
932,DC21nar,https://decat-webap.lbl.gov/decatview.py/cand/DC21nar?rbtype=undefined
933,DC21nat,https://decat-webap.lbl.gov/decatview.py/cand/DC21nat?rbtype=undefined
934,DC21nbf,https://decat-webap.lbl.gov/decatview.py/cand/DC21nbf?rbtype=undefined
935,DC21nch,https://decat-webap.lbl.gov/decatview.py/cand/DC21nch?rbtype=undefined
936,DC21ndk,https://decat-webap.lbl.gov/decatview.py/cand/DC21ndk?rbtype=undefined
937,DC21nff,https://decat-webap.lbl.gov/decatview.py/cand/DC21nff?rbtype=undefined
938,DC21nfx,https://decat-webap.lbl.gov/decatview.py/cand/DC21nfx?rbtype=undefined
939,DC21ngn,https://decat-webap.lbl.gov/decatview.py/cand/DC21ngn?rbtype=undefined
940,DC21nhi,https://decat-webap.lbl.gov/decatview.py/cand/DC21nhi?rbtype=undefined
941,DC21nhl,https://decat-webap.lbl.gov/decatview.py/cand/DC21nhl?rbtype=undefined
942,DC21nhn,https://decat-webap.lbl.gov/decatview.py/cand/DC21nhn?rbtype=undefined
943,DC21nht,https://decat-webap.lbl.gov/decatview.py/cand/DC21nht?rbtype=undefined
944,DC21nid,https://decat-webap.lbl.gov/decatview.py/cand/DC21nid?rbtype=undefined
945,DC21njd,https://decat-webap.lbl.gov/decatview.py/cand/DC21njd?rbtype=undefined
946,DC21njh,https://decat-webap.lbl.gov/decatview.py/cand/DC21njh?rbtype=undefined
947,DC21njx,https://decat-webap.lbl.gov/decatview.py/cand/DC21njx?rbtype=undefined
948,DC21nk,https://decat-webap.lbl.gov/decatview.py/cand/DC21nk?rbtype=undefined
949,DC21nka,https://decat-webap.lbl.gov/decatview.py/cand/DC21nka?rbtype=undefined
950,DC21nks,https://decat-webap.lbl.gov/decatview.py/cand/DC21nks?rbtype=undefined
951,DC21nla,https://decat-webap.lbl.gov/decatview.py/cand/DC21nla?rbtype=undefined
952,DC21nlb,https://decat-webap.lbl.gov/decatview.py/cand/DC21nlb?rbtype=undefined
953,DC21nlq,https://decat-webap.lbl.gov/decatview.py/cand/DC21nlq?rbtype=undefined
954,DC21now,https://decat-webap.lbl.gov/decatview.py/cand/DC21now?rbtype=undefined
955,DC21np,https://decat-webap.lbl.gov/decatview.py/cand/DC21np?rbtype=undefined
956,DC21nq,https://decat-webap.lbl.gov/decatview.py/cand/DC21nq?rbtype=undefined
957,DC21nqd,https://decat-webap.lbl.gov/decatview.py/cand/DC21nqd?rbtype=undefined
958,DC21nqh,https://decat-webap.lbl.gov/decatview.py/cand/DC21nqh?rbtype=undefined
959,DC21ntm,https://decat-webap.lbl.gov/decatview.py/cand/DC21ntm?rbtype=undefined
960,DC21nu,https://decat-webap.lbl.gov/decatview.py/cand/DC21nu?rbtype=undefined
961,DC21nvf,https://decat-webap.lbl.gov/decatview.py/cand/DC21nvf?rbtype=undefined
962,DC21nvn,https://decat-webap.lbl.gov/decatview.py/cand/DC21nvn?rbtype=undefined
963,DC21nwa,https://decat-webap.lbl.gov/decatview.py/cand/DC21nwa?rbtype=undefined
964,DC21nwl,https://decat-webap.lbl.gov/decatview.py/cand/DC21nwl?rbtype=undefined
965,DC21nxe,https://decat-webap.lbl.gov/decatview.py/cand/DC21nxe?rbtype=undefined
966,DC21nyn,https://decat-webap.lbl.gov/decatview.py/cand/DC21nyn?rbtype=undefined
967,DC21nyw,https://decat-webap.lbl.gov/decatview.py/cand/DC21nyw?rbtype=undefined
968,DC21nzi,https://decat-webap.lbl.gov/decatview.py/cand/DC21nzi?rbtype=undefined
969,DC21nzn,https://decat-webap.lbl.gov/decatview.py/cand/DC21nzn?rbtype=undefined
970,DC21oal,https://decat-webap.lbl.gov/decatview.py/cand/DC21oal?rbtype=undefined
971,DC21obg,https://decat-webap.lbl.gov/decatview.py/cand/DC21obg?rbtype=undefined
972,DC21ocv,https://decat-webap.lbl.gov/decatview.py/cand/DC21ocv?rbtype=undefined
973,DC21ocx,https://decat-webap.lbl.gov/decatview.py/cand/DC21ocx?rbtype=undefined
974,DC21od,https://decat-webap.lbl.gov/decatview.py/cand/DC21od?rbtype=undefined
975,DC21oe,https://decat-webap.lbl.gov/decatview.py/cand/DC21oe?rbtype=undefined
976,DC21oel,https://decat-webap.lbl.gov/decatview.py/cand/DC21oel?rbtype=undefined
977,DC21ofl,https://decat-webap.lbl.gov/decatview.py/cand/DC21ofl?rbtype=undefined
978,DC21ofu,https://decat-webap.lbl.gov/decatview.py/cand/DC21ofu?rbtype=undefined
979,DC21ohg,https://decat-webap.lbl.gov/decatview.py/cand/DC21ohg?rbtype=undefined
980,DC21ohm,https://decat-webap.lbl.gov/decatview.py/cand/DC21ohm?rbtype=undefined
981,DC21oih,https://decat-webap.lbl.gov/decatview.py/cand/DC21oih?rbtype=undefined
982,DC21oj,https://decat-webap.lbl.gov/decatview.py/cand/DC21oj?rbtype=undefined
983,DC21ojh,https://decat-webap.lbl.gov/decatview.py/cand/DC21ojh?rbtype=undefined
984,DC21ojq,https://decat-webap.lbl.gov/decatview.py/cand/DC21ojq?rbtype=undefined
985,DC21ojw,https://decat-webap.lbl.gov/decatview.py/cand/DC21ojw?rbtype=undefined
986,DC21okg,https://decat-webap.lbl.gov/decatview.py/cand/DC21okg?rbtype=undefined
987,DC21okj,https://decat-webap.lbl.gov/decatview.py/cand/DC21okj?rbtype=undefined
988,DC21olv,https://decat-webap.lbl.gov/decatview.py/cand/DC21olv?rbtype=undefined
989,DC21omy,https://decat-webap.lbl.gov/decatview.py/cand/DC21omy?rbtype=undefined
990,DC21onp,https://decat-webap.lbl.gov/decatview.py/cand/DC21onp?rbtype=undefined
991,DC21ood,https://decat-webap.lbl.gov/decatview.py/cand/DC21ood?rbtype=undefined
992,DC21oof,https://decat-webap.lbl.gov/decatview.py/cand/DC21oof?rbtype=undefined
993,DC21ooy,https://decat-webap.lbl.gov/decatview.py/cand/DC21ooy?rbtype=undefined
994,DC21op,https://decat-webap.lbl.gov/decatview.py/cand/DC21op?rbtype=undefined
995,DC21opm,https://decat-webap.lbl.gov/decatview.py/cand/DC21opm?rbtype=undefined
996,DC21opw,https://decat-webap.lbl.gov/decatview.py/cand/DC21opw?rbtype=undefined
997,DC21opy,https://decat-webap.lbl.gov/decatview.py/cand/DC21opy?rbtype=undefined
998,DC21oqn,https://decat-webap.lbl.gov/decatview.py/cand/DC21oqn?rbtype=undefined
999,DC21oqz,https://decat-webap.lbl.gov/decatview.py/cand/DC21oqz?rbtype=undefined
1000,DC21org,https://decat-webap.lbl.gov/decatview.py/cand/DC21org?rbtype=undefined
1001,DC21os,https://decat-webap.lbl.gov/decatview.py/cand/DC21os?rbtype=undefined
1002,DC21otc,https://decat-webap.lbl.gov/decatview.py/cand/DC21otc?rbtype=undefined
1003,DC21ouw,https://decat-webap.lbl.gov/decatview.py/cand/DC21ouw?rbtype=undefined
1004,DC21owf,https://decat-webap.lbl.gov/decatview.py/cand/DC21owf?rbtype=undefined
1005,DC21owg,https://decat-webap.lbl.gov/decatview.py/cand/DC21owg?rbtype=undefined
1006,DC21owx,https://decat-webap.lbl.gov/decatview.py/cand/DC21owx?rbtype=undefined
1007,DC21ox,https://decat-webap.lbl.gov/decatview.py/cand/DC21ox?rbtype=undefined
1008,DC21oxo,https://decat-webap.lbl.gov/decatview.py/cand/DC21oxo?rbtype=undefined
1009,DC21oy,https://decat-webap.lbl.gov/decatview.py/cand/DC21oy?rbtype=undefined
1010,DC21oyo,https://decat-webap.lbl.gov/decatview.py/cand/DC21oyo?rbtype=undefined
1011,DC21oz,https://decat-webap.lbl.gov/decatview.py/cand/DC21oz?rbtype=undefined
1012,DC21pbh,https://decat-webap.lbl.gov/decatview.py/cand/DC21pbh?rbtype=undefined
1013,DC21pcb,https://decat-webap.lbl.gov/decatview.py/cand/DC21pcb?rbtype=undefined
1014,DC21pcd,https://decat-webap.lbl.gov/decatview.py/cand/DC21pcd?rbtype=undefined
1015,DC21pcs,https://decat-webap.lbl.gov/decatview.py/cand/DC21pcs?rbtype=undefined
1016,DC21pen,https://decat-webap.lbl.gov/decatview.py/cand/DC21pen?rbtype=undefined
1017,DC21pfd,https://decat-webap.lbl.gov/decatview.py/cand/DC21pfd?rbtype=undefined
1018,DC21pfj,https://decat-webap.lbl.gov/decatview.py/cand/DC21pfj?rbtype=undefined
1019,DC21pfu,https://decat-webap.lbl.gov/decatview.py/cand/DC21pfu?rbtype=undefined
1020,DC21pgn,https://decat-webap.lbl.gov/decatview.py/cand/DC21pgn?rbtype=undefined
1021,DC21pgz,https://decat-webap.lbl.gov/decatview.py/cand/DC21pgz?rbtype=undefined
1022,DC21ph,https://decat-webap.lbl.gov/decatview.py/cand/DC21ph?rbtype=undefined
1023,DC21phr,https://decat-webap.lbl.gov/decatview.py/cand/DC21phr?rbtype=undefined
1024,DC21pi,https://decat-webap.lbl.gov/decatview.py/cand/DC21pi?rbtype=undefined
1025,DC21pid,https://decat-webap.lbl.gov/decatview.py/cand/DC21pid?rbtype=undefined
1026,DC21pjt,https://decat-webap.lbl.gov/decatview.py/cand/DC21pjt?rbtype=undefined
1027,DC21pkj,https://decat-webap.lbl.gov/decatview.py/cand/DC21pkj?rbtype=undefined
1028,DC21plc,https://decat-webap.lbl.gov/decatview.py/cand/DC21plc?rbtype=undefined
1029,DC21plj,https://decat-webap.lbl.gov/decatview.py/cand/DC21plj?rbtype=undefined
1030,DC21plt,https://decat-webap.lbl.gov/decatview.py/cand/DC21plt?rbtype=undefined
1031,DC21plx,https://decat-webap.lbl.gov/decatview.py/cand/DC21plx?rbtype=undefined
1032,DC21pmu,https://decat-webap.lbl.gov/decatview.py/cand/DC21pmu?rbtype=undefined
1033,DC21pnb,https://decat-webap.lbl.gov/decatview.py/cand/DC21pnb?rbtype=undefined
1034,DC21pnd,https://decat-webap.lbl.gov/decatview.py/cand/DC21pnd?rbtype=undefined
1035,DC21pnf,https://decat-webap.lbl.gov/decatview.py/cand/DC21pnf?rbtype=undefined
1036,DC21pow,https://decat-webap.lbl.gov/decatview.py/cand/DC21pow?rbtype=undefined
1037,DC21poz,https://decat-webap.lbl.gov/decatview.py/cand/DC21poz?rbtype=undefined
1038,DC21pqe,https://decat-webap.lbl.gov/decatview.py/cand/DC21pqe?rbtype=undefined
1039,DC21prh,https://decat-webap.lbl.gov/decatview.py/cand/DC21prh?rbtype=undefined
1040,DC21prs,https://decat-webap.lbl.gov/decatview.py/cand/DC21prs?rbtype=undefined
1041,DC21pry,https://decat-webap.lbl.gov/decatview.py/cand/DC21pry?rbtype=undefined
1042,DC21psw,https://decat-webap.lbl.gov/decatview.py/cand/DC21psw?rbtype=undefined
1043,DC21ptb,https://decat-webap.lbl.gov/decatview.py/cand/DC21ptb?rbtype=undefined
1044,DC21ptt,https://decat-webap.lbl.gov/decatview.py/cand/DC21ptt?rbtype=undefined
1045,DC21pud,https://decat-webap.lbl.gov/decatview.py/cand/DC21pud?rbtype=undefined
1046,DC21pvm,https://decat-webap.lbl.gov/decatview.py/cand/DC21pvm?rbtype=undefined
1047,DC21pwi,https://decat-webap.lbl.gov/decatview.py/cand/DC21pwi?rbtype=undefined
1048,DC21pxz,https://decat-webap.lbl.gov/decatview.py/cand/DC21pxz?rbtype=undefined
1049,DC21pyd,https://decat-webap.lbl.gov/decatview.py/cand/DC21pyd?rbtype=undefined
1050,DC21pze,https://decat-webap.lbl.gov/decatview.py/cand/DC21pze?rbtype=undefined
1051,DC21pzj,https://decat-webap.lbl.gov/decatview.py/cand/DC21pzj?rbtype=undefined
1052,DC21qdp,https://decat-webap.lbl.gov/decatview.py/cand/DC21qdp?rbtype=undefined
1053,DC21qdq,https://decat-webap.lbl.gov/decatview.py/cand/DC21qdq?rbtype=undefined
1054,DC21qeo,https://decat-webap.lbl.gov/decatview.py/cand/DC21qeo?rbtype=undefined
1055,DC21qeu,https://decat-webap.lbl.gov/decatview.py/cand/DC21qeu?rbtype=undefined
1056,DC21qfq,https://decat-webap.lbl.gov/decatview.py/cand/DC21qfq?rbtype=undefined
1057,DC21qfs,https://decat-webap.lbl.gov/decatview.py/cand/DC21qfs?rbtype=undefined
1058,DC21qfv,https://decat-webap.lbl.gov/decatview.py/cand/DC21qfv?rbtype=undefined
1059,DC21qgo,https://decat-webap.lbl.gov/decatview.py/cand/DC21qgo?rbtype=undefined
1060,DC21qho,https://decat-webap.lbl.gov/decatview.py/cand/DC21qho?rbtype=undefined
1061,DC21qhu,https://decat-webap.lbl.gov/decatview.py/cand/DC21qhu?rbtype=undefined
1062,DC21qjn,https://decat-webap.lbl.gov/decatview.py/cand/DC21qjn?rbtype=undefined
1063,DC21qkt,https://decat-webap.lbl.gov/decatview.py/cand/DC21qkt?rbtype=undefined
1064,DC21qkv,https://decat-webap.lbl.gov/decatview.py/cand/DC21qkv?rbtype=undefined
1065,DC21qnl,https://decat-webap.lbl.gov/decatview.py/cand/DC21qnl?rbtype=undefined
1066,DC21qok,https://decat-webap.lbl.gov/decatview.py/cand/DC21qok?rbtype=undefined
1067,DC21qos,https://decat-webap.lbl.gov/decatview.py/cand/DC21qos?rbtype=undefined
1068,DC21qp,https://decat-webap.lbl.gov/decatview.py/cand/DC21qp?rbtype=undefined
1069,DC21qpu,https://decat-webap.lbl.gov/decatview.py/cand/DC21qpu?rbtype=undefined
1070,DC21qrp,https://decat-webap.lbl.gov/decatview.py/cand/DC21qrp?rbtype=undefined
1071,DC21qsg,https://decat-webap.lbl.gov/decatview.py/cand/DC21qsg?rbtype=undefined
1072,DC21qtq,https://decat-webap.lbl.gov/decatview.py/cand/DC21qtq?rbtype=undefined
1073,DC21quo,https://decat-webap.lbl.gov/decatview.py/cand/DC21quo?rbtype=undefined
1074,DC21qvc,https://decat-webap.lbl.gov/decatview.py/cand/DC21qvc?rbtype=undefined
1075,DC21qw,https://decat-webap.lbl.gov/decatview.py/cand/DC21qw?rbtype=undefined
1076,DC21qwe,https://decat-webap.lbl.gov/decatview.py/cand/DC21qwe?rbtype=undefined
1077,DC21qxi,https://decat-webap.lbl.gov/decatview.py/cand/DC21qxi?rbtype=undefined
1078,DC21rae,https://decat-webap.lbl.gov/decatview.py/cand/DC21rae?rbtype=undefined
1079,DC21rbn,https://decat-webap.lbl.gov/decatview.py/cand/DC21rbn?rbtype=undefined
1080,DC21rcc,https://decat-webap.lbl.gov/decatview.py/cand/DC21rcc?rbtype=undefined
1081,DC21rdc,https://decat-webap.lbl.gov/decatview.py/cand/DC21rdc?rbtype=undefined
1082,DC21rfd,https://decat-webap.lbl.gov/decatview.py/cand/DC21rfd?rbtype=undefined
1083,DC21rlr,https://decat-webap.lbl.gov/decatview.py/cand/DC21rlr?rbtype=undefined
1084,DC21rmi,https://decat-webap.lbl.gov/decatview.py/cand/DC21rmi?rbtype=undefined
1085,DC21rn,https://decat-webap.lbl.gov/decatview.py/cand/DC21rn?rbtype=undefined
1086,DC21rnf,https://decat-webap.lbl.gov/decatview.py/cand/DC21rnf?rbtype=undefined
1087,DC21rpi,https://decat-webap.lbl.gov/decatview.py/cand/DC21rpi?rbtype=undefined
1088,DC21rpz,https://decat-webap.lbl.gov/decatview.py/cand/DC21rpz?rbtype=undefined
1089,DC21rq,https://decat-webap.lbl.gov/decatview.py/cand/DC21rq?rbtype=undefined
1090,DC21rso,https://decat-webap.lbl.gov/decatview.py/cand/DC21rso?rbtype=undefined
1091,DC21rt,https://decat-webap.lbl.gov/decatview.py/cand/DC21rt?rbtype=undefined
1092,DC21rvg,https://decat-webap.lbl.gov/decatview.py/cand/DC21rvg?rbtype=undefined
1093,DC21rvo,https://decat-webap.lbl.gov/decatview.py/cand/DC21rvo?rbtype=undefined
1094,DC21rwv,https://decat-webap.lbl.gov/decatview.py/cand/DC21rwv?rbtype=undefined
1095,DC21rx,https://decat-webap.lbl.gov/decatview.py/cand/DC21rx?rbtype=undefined
1096,DC21sdp,https://decat-webap.lbl.gov/decatview.py/cand/DC21sdp?rbtype=undefined
1097,DC21skg,https://decat-webap.lbl.gov/decatview.py/cand/DC21skg?rbtype=undefined
1098,DC21skp,https://decat-webap.lbl.gov/decatview.py/cand/DC21skp?rbtype=undefined
1099,DC21snw,https://decat-webap.lbl.gov/decatview.py/cand/DC21snw?rbtype=undefined
1100,DC21sor,https://decat-webap.lbl.gov/decatview.py/cand/DC21sor?rbtype=undefined
1101,DC21sp,https://decat-webap.lbl.gov/decatview.py/cand/DC21sp?rbtype=undefined
1102,DC21sun,https://decat-webap.lbl.gov/decatview.py/cand/DC21sun?rbtype=undefined
1103,DC21sut,https://decat-webap.lbl.gov/decatview.py/cand/DC21sut?rbtype=undefined
1104,DC21sw,https://decat-webap.lbl.gov/decatview.py/cand/DC21sw?rbtype=undefined
1105,DC21swa,https://decat-webap.lbl.gov/decatview.py/cand/DC21swa?rbtype=undefined
1106,DC21sys,https://decat-webap.lbl.gov/decatview.py/cand/DC21sys?rbtype=undefined
1107,DC21tck,https://decat-webap.lbl.gov/decatview.py/cand/DC21tck?rbtype=undefined
1108,DC21tez,https://decat-webap.lbl.gov/decatview.py/cand/DC21tez?rbtype=undefined
1109,DC21th,https://decat-webap.lbl.gov/decatview.py/cand/DC21th?rbtype=undefined
1110,DC21thn,https://decat-webap.lbl.gov/decatview.py/cand/DC21thn?rbtype=undefined
1111,DC21tiu,https://decat-webap.lbl.gov/decatview.py/cand/DC21tiu?rbtype=undefined
1112,DC21tja,https://decat-webap.lbl.gov/decatview.py/cand/DC21tja?rbtype=undefined
1113,DC21tnj,https://decat-webap.lbl.gov/decatview.py/cand/DC21tnj?rbtype=undefined
1114,DC21ts,https://decat-webap.lbl.gov/decatview.py/cand/DC21ts?rbtype=undefined
1115,DC21tvb,https://decat-webap.lbl.gov/decatview.py/cand/DC21tvb?rbtype=undefined
1116,DC21ud,https://decat-webap.lbl.gov/decatview.py/cand/DC21ud?rbtype=undefined
1117,DC21uje,https://decat-webap.lbl.gov/decatview.py/cand/DC21uje?rbtype=undefined
1118,DC21uku,https://decat-webap.lbl.gov/decatview.py/cand/DC21uku?rbtype=undefined
1119,DC21uqp,https://decat-webap.lbl.gov/decatview.py/cand/DC21uqp?rbtype=undefined
1120,DC21uxo,https://decat-webap.lbl.gov/decatview.py/cand/DC21uxo?rbtype=undefined
1121,DC21var,https://decat-webap.lbl.gov/decatview.py/cand/DC21var?rbtype=undefined
1122,DC21vgk,https://decat-webap.lbl.gov/decatview.py/cand/DC21vgk?rbtype=undefined
1123,DC21vkb,https://decat-webap.lbl.gov/decatview.py/cand/DC21vkb?rbtype=undefined
1124,DC21vn,https://decat-webap.lbl.gov/decatview.py/cand/DC21vn?rbtype=undefined
1125,DC21vou,https://decat-webap.lbl.gov/decatview.py/cand/DC21vou?rbtype=undefined
1126,DC21vrd,https://decat-webap.lbl.gov/decatview.py/cand/DC21vrd?rbtype=undefined
1127,DC21vtl,https://decat-webap.lbl.gov/decatview.py/cand/DC21vtl?rbtype=undefined
1128,DC21vv,https://decat-webap.lbl.gov/decatview.py/cand/DC21vv?rbtype=undefined
1129,DC21w,https://decat-webap.lbl.gov/decatview.py/cand/DC21w?rbtype=undefined
1130,DC21wab,https://decat-webap.lbl.gov/decatview.py/cand/DC21wab?rbtype=undefined
1131,DC21wt,https://decat-webap.lbl.gov/decatview.py/cand/DC21wt?rbtype=undefined
1132,DC21wup,https://decat-webap.lbl.gov/decatview.py/cand/DC21wup?rbtype=undefined
1133,DC21ww,https://decat-webap.lbl.gov/decatview.py/cand/DC21ww?rbtype=undefined
1134,DC21wwf,https://decat-webap.lbl.gov/decatview.py/cand/DC21wwf?rbtype=undefined
1135,DC21xmw,https://decat-webap.lbl.gov/decatview.py/cand/DC21xmw?rbtype=undefined
1136,DC21xrl,https://decat-webap.lbl.gov/decatview.py/cand/DC21xrl?rbtype=undefined
1137,DC21y,https://decat-webap.lbl.gov/decatview.py/cand/DC21y?rbtype=undefined
1138,DC21yg,https://decat-webap.lbl.gov/decatview.py/cand/DC21yg?rbtype=undefined
1139,DC21ygu,https://decat-webap.lbl.gov/decatview.py/cand/DC21ygu?rbtype=undefined
1140,DC21yj,https://decat-webap.lbl.gov/decatview.py/cand/DC21yj?rbtype=undefined
1141,DC21yox,https://decat-webap.lbl.gov/decatview.py/cand/DC21yox?rbtype=undefined
1142,DC21yq,https://decat-webap.lbl.gov/decatview.py/cand/DC21yq?rbtype=undefined
1143,DC21ywx,https://decat-webap.lbl.gov/decatview.py/cand/DC21ywx?rbtype=undefined
1144,DC21yz,https://decat-webap.lbl.gov/decatview.py/cand/DC21yz?rbtype=undefined
1145,DC21zbn,https://decat-webap.lbl.gov/decatview.py/cand/DC21zbn?rbtype=undefined
1146,DC21zch,https://decat-webap.lbl.gov/decatview.py/cand/DC21zch?rbtype=undefined
1147,DC21zd,https://decat-webap.lbl.gov/decatview.py/cand/DC21zd?rbtype=undefined
1148,DC21zpz,https://decat-webap.lbl.gov/decatview.py/cand/DC21zpz?rbtype=undefined
1149,DC21zzx,https://decat-webap.lbl.gov/decatview.py/cand/DC21zzx?rbtype=undefined
1150,DC22gtbtd,https://decat-webap.lbl.gov/decatview.py/cand/DC22gtbtd?rbtype=undefined
1151,DC22gtccc,https://decat-webap.lbl.gov/decatview.py/cand/DC22gtccc?rbtype=undefined
1152,DC22gtcty,https://decat-webap.lbl.gov/decatview.py/cand/DC22gtcty?rbtype=undefined
1153,DC22gtdsi,https://decat-webap.lbl.gov/decatview.py/cand/DC22gtdsi?rbtype=undefined
1154,DC22gtowb,https://decat-webap.lbl.gov/decatview.py/cand/DC22gtowb?rbtype=undefined
1155,DC22gtqyk,https://decat-webap.lbl.gov/decatview.py/cand/DC22gtqyk?rbtype=undefined
1156,DC22guhrf,https://decat-webap.lbl.gov/decatview.py/cand/DC22guhrf?rbtype=undefined
1157,DC22gvciw,https://decat-webap.lbl.gov/decatview.py/cand/DC22gvciw?rbtype=undefined
1158,DC22gvcqm,https://decat-webap.lbl.gov/decatview.py/cand/DC22gvcqm?rbtype=undefined
1159,DC22gwmcc,https://decat-webap.lbl.gov/decatview.py/cand/DC22gwmcc?rbtype=undefined
1160,DC22gwqvp,https://decat-webap.lbl.gov/decatview.py/cand/DC22gwqvp?rbtype=undefined
1161,DC22gwzqk,https://decat-webap.lbl.gov/decatview.py/cand/DC22gwzqk?rbtype=undefined
1162,DC22gxdhg,https://decat-webap.lbl.gov/decatview.py/cand/DC22gxdhg?rbtype=undefined
1163,DC22gxeuc,https://decat-webap.lbl.gov/decatview.py/cand/DC22gxeuc?rbtype=undefined
1164,DC22gxfix,https://decat-webap.lbl.gov/decatview.py/cand/DC22gxfix?rbtype=undefined
1165,DC22gxuzz,https://decat-webap.lbl.gov/decatview.py/cand/DC22gxuzz?rbtype=undefined
1166,DC22gxxfn,https://decat-webap.lbl.gov/decatview.py/cand/DC22gxxfn?rbtype=undefined
1167,DC22gyhks,https://decat-webap.lbl.gov/decatview.py/cand/DC22gyhks?rbtype=undefined
1168,DC22gyhzh,https://decat-webap.lbl.gov/decatview.py/cand/DC22gyhzh?rbtype=undefined
1169,DC22gylvj,https://decat-webap.lbl.gov/decatview.py/cand/DC22gylvj?rbtype=undefined
1170,DC22hdbqy,https://decat-webap.lbl.gov/decatview.py/cand/DC22hdbqy?rbtype=undefined
1171,DC22hvtap,https://decat-webap.lbl.gov/decatview.py/cand/DC22hvtap?rbtype=undefined
1172,DC22hvtwp,https://decat-webap.lbl.gov/decatview.py/cand/DC22hvtwp?rbtype=undefined
1173,DC22hvuzr,https://decat-webap.lbl.gov/decatview.py/cand/DC22hvuzr?rbtype=undefined
1174,DC22hxfpz,https://decat-webap.lbl.gov/decatview.py/cand/DC22hxfpz?rbtype=undefined
1175,--,https://decat-webap.lbl.gov/decatview.py/cand/--?rbtype=undefined
